frame,phase,drop_id,cx,cy,area_px,percentage,detection_method,distance_px,velocity_px_per_s,velocity_mm_s
90,falling,1,557,64,9575,100.0,sam2,,,
91,falling,1,558,87,9562,99.86,sam2,23.022,68990.746,1051.288
92,falling,1,558,110,9518,99.4,sam2,23.0,68925.629,1050.295
93,falling,1,558,133,9891,103.3,sam2,23.0,68925.629,1050.295
94,falling,1,557,157,9465,98.85,sam2,24.021,71984.801,1096.911
95,falling,1,557,179,9401,98.18,sam2,22.0,65928.863,1004.63
96,falling,1,557,204,9248,96.58,sam2,25.0,74919.162,1141.625
97,falling,1,557,227,9127,95.32,sam2,23.0,68925.629,1050.295
98,falling,1,557,251,8963,93.61,sam2,24.0,71922.396,1095.96
99,falling,1,558,274,9339,97.54,sam2,23.022,68990.746,1051.288
100,falling,1,557,298,9363,97.79,sam2,24.021,71984.801,1096.911
101,falling,1,557,322,9503,99.25,sam2,24.0,71922.396,1095.96
102,spreading,1,557,347,9479,99.0,sam2,25.0,74919.162,1141.625
103,spreading,1,557,363,8134,84.95,sam2,16.0,47948.264,730.64
104,spreading,1,560,377,7187,75.06,sam2,14.318,42907.166,653.823
105,spreading,1,562,385,5980,62.45,sam2,8.246,24711.97,376.563
106,spreading,1,558,392,6161,64.34,sam2,8.062,24160.704,368.163
107,spreading,1,556,393,6386,66.69,sam2,2.236,6700.974,102.11
108,spreading,1,556,392,6706,70.04,sam2,1.0,2996.766,45.665
109,spreading,1,557,390,6965,72.74,sam2,2.236,6700.974,102.11
110,spreading,1,556,389,7257,75.79,sam2,1.414,4238.068,64.58
111,spreading,1,556,391,8076,84.34,sam2,2.0,5993.533,91.33
112,spreading,1,556,391,8109,84.69,sam2,0.0,0.0,0.0
113,spreading,1,555,385,9175,95.82,sam2,6.083,18228.619,277.769
114,spreading,1,554,377,10605,110.76,sam2,8.062,24160.704,368.163
115,spreading,1,553,362,10524,109.91,sam2,15.033,45051.279,686.496
116,spreading,1,554,352,11373,118.78,sam2,10.05,30117.13,458.928
117,rebounding,1,553,343,11978,125.1,sam2,9.055,27136.875,413.514
118,rebounding,1,552,334,12483,130.37,sam2,9.055,27136.875,413.514
119,rebounding,1,552,325,13061,136.41,sam2,9.0,26970.898,410.985
120,rebounding,1,551,318,13469,140.67,sam2,7.071,21190.339,322.9
121,rebounding,1,551,310,13724,143.33,sam2,8.0,23974.132,365.32
122,rebounding,1,550,304,13991,146.12,sam2,6.083,18228.619,277.769
123,rebounding,1,549,296,13922,145.4,sam2,8.062,24160.704,368.163
124,rebounding,1,548,289,14212,148.43,sam2,7.071,21190.339,322.9
125,rebounding,1,548,283,14483,151.26,sam2,6.0,17980.599,273.99
126,rebounding,1,547,277,14559,152.05,sam2,6.083,18228.619,277.769
127,rebounding,1,547,274,14758,154.13,sam2,3.0,8990.299,136.995
128,rebounding,1,546,271,15060,157.28,sam2,3.162,9476.608,144.405
129,rebounding,1,544,266,15176,158.5,sam2,5.385,16138.081,245.914
130,rebounding,1,542,294,11489,119.99,sam2,28.071,84123.244,1281.878
130,rebounding,2,550,133,2872,29.99,sam2,,,
131,rebounding,1,540,297,12415,129.66,sam2,3.606,10804.995,164.648
131,rebounding,2,550,125,2963,30.95,sam2,8.0,23974.132,365.32
132,rebounding,1,539,286,10974,114.61,sam2,11.045,33100.368,504.387
132,rebounding,2,549,118,2794,29.18,sam2,7.071,21190.339,322.9
133,rebounding,1,538,282,10699,111.74,sam2,4.123,12355.985,188.282
133,rebounding,2,548,112,2937,30.67,sam2,6.083,18228.619,277.769
134,rebounding,1,537,277,10360,108.2,sam2,5.099,15280.571,232.847
134,rebounding,2,548,105,3154,32.94,sam2,7.0,20977.365,319.655
135,rebounding,1,536,270,9741,101.73,sam2,7.071,21190.339,322.9
135,rebounding,2,548,98,3266,34.11,sam2,7.0,20977.365,319.655
136,rebounding,1,536,264,9246,96.56,sam2,6.0,17980.599,273.99
136,rebounding,2,548,92,3197,33.39,sam2,6.0,17980.599,273.99
137,rebounding,1,535,258,8561,89.41,sam2,6.083,18228.619,277.769
137,rebounding,2,546,86,3104,32.42,sam2,6.325,18953.215,288.811
138,rebounding,1,534,252,7639,79.78,sam2,6.083,18228.619,277.769
138,rebounding,2,545,80,2850,29.77,sam2,6.083,18228.619,277.769
139,rebounding,1,533,246,6797,70.99,sam2,6.083,18228.619,277.769
139,rebounding,2,544,72,2761,28.84,sam2,8.062,24160.704,368.163
140,rebounding,1,533,239,6189,64.64,sam2,7.0,20977.365,319.655
141,rebounding,1,533,235,5917,61.8,sam2,4.0,11987.066,182.66
142,rebounding,1,532,231,5407,56.47,sam2,4.123,12355.985,188.282
143,rebounding,1,530,227,5495,57.39,sam2,4.472,13401.947,204.22
144,rebounding,1,528,224,5728,59.82,sam2,3.606,10804.995,164.648
145,rebounding,1,526,220,6110,63.81,sam2,4.472,13401.947,204.22
146,rebounding,1,526,216,6767,70.67,sam2,4.0,11987.066,182.66
147,rebounding,1,525,212,7536,78.7,sam2,4.123,12355.985,188.282
148,rebounding,1,527,207,8346,87.16,sam2,5.385,16138.081,245.914
149,rebounding,1,527,203,9063,94.65,sam2,4.0,11987.066,182.66
150,rebounding,1,528,200,9781,102.15,sam2,3.162,9476.608,144.405
151,rebounding,1,526,198,10181,106.33,sam2,2.828,8476.136,129.16
152,rebounding,1,525,197,10487,109.52,sam2,1.414,4238.068,64.58
153,rebounding,1,524,197,10377,108.38,sam2,1.0,2996.766,45.665
154,rebounding,1,524,196,10146,105.96,sam2,1.0,2996.766,45.665
155,rebounding,1,525,195,9694,101.24,sam2,1.414,4238.068,64.58
156,rebounding,1,525,194,9199,96.07,sam2,1.0,2996.766,45.665
157,rebounding,1,524,191,9122,95.27,sam2,3.162,9476.608,144.405
158,rebounding,1,524,191,8831,92.23,sam2,0.0,0.0,0.0
159,rebounding,1,524,190,8797,91.87,sam2,1.0,2996.766,45.665
160,rebounding,1,524,188,8401,87.74,sam2,2.0,5993.533,91.33
161,rebounding,1,524,186,8082,84.41,sam2,2.0,5993.533,91.33
162,rebounding,1,523,184,7778,81.23,sam2,2.236,6700.974,102.11
163,rebounding,1,524,179,7367,76.94,sam2,5.099,15280.571,232.847
164,rebounding,1,525,176,7144,74.61,sam2,3.162,9476.608,144.405
165,rebounding,1,524,177,6877,71.82,sam2,1.414,4238.068,64.58
166,rebounding,1,524,176,6858,71.62,sam2,1.0,2996.766,45.665
167,rebounding,1,524,175,7097,74.12,sam2,1.0,2996.766,45.665
168,rebounding,1,522,176,7692,80.33,sam2,2.236,6700.974,102.11
169,rebounding,1,521,177,8269,86.36,sam2,1.414,4238.068,64.58
170,rebounding,1,521,176,8741,91.29,sam2,1.0,2996.766,45.665
171,rebounding,1,524,174,9055,94.57,sam2,3.606,10804.995,164.648
172,rebounding,1,525,171,9229,96.39,sam2,3.162,9476.608,144.405
173,rebounding,1,524,170,9079,94.82,sam2,1.414,4238.068,64.58
174,rebounding,1,524,168,8055,84.13,sam2,2.0,5993.533,91.33
175,rebounding,1,525,168,9094,94.98,sam2,1.0,2996.766,45.665
176,rebounding,1,525,170,9199,96.07,sam2,2.0,5993.533,91.33
177,rebounding,1,523,170,8256,86.22,sam2,2.0,5993.533,91.33
178,rebounding,1,523,171,8075,84.33,sam2,1.0,2996.766,45.665
179,rebounding,1,522,171,7790,81.36,sam2,1.0,2996.766,45.665
180,rebounding,1,521,172,8152,85.14,sam2,1.414,4238.068,64.58
181,rebounding,1,520,173,7843,81.91,sam2,1.414,4238.068,64.58
182,rebounding,1,520,172,7608,79.46,sam2,1.0,2996.766,45.665
183,rebounding,1,521,172,7286,76.09,sam2,1.0,2996.766,45.665
184,rebounding,1,523,171,6641,69.36,sam2,2.236,6700.974,102.11
185,rebounding,1,523,171,6418,67.03,sam2,0.0,0.0,0.0
186,rebounding,1,524,171,6448,67.34,sam2,1.0,2996.766,45.665
187,rebounding,1,524,171,6622,69.16,sam2,0.0,0.0,0.0
188,rebounding,1,522,172,7061,73.74,sam2,2.236,6700.974,102.11
189,rebounding,1,521,174,7428,77.58,sam2,2.236,6700.974,102.11
190,rebounding,1,520,176,7561,78.97,sam2,2.236,6700.974,102.11
191,rebounding,1,521,176,7861,82.1,sam2,1.0,2996.766,45.665
192,rebounding,1,522,176,8227,85.92,sam2,1.0,2996.766,45.665
193,rebounding,1,523,176,7767,81.12,sam2,1.0,2996.766,45.665
194,rebounding,1,523,178,9011,94.11,sam2,2.0,5993.533,91.33
195,rebounding,1,522,180,9328,97.42,sam2,2.236,6700.974,102.11
196,rebounding,1,522,182,9285,96.97,sam2,2.0,5993.533,91.33
197,rebounding,1,522,182,9133,95.38,sam2,0.0,0.0,0.0
198,rebounding,1,522,184,8830,92.22,sam2,2.0,5993.533,91.33
199,rebounding,1,521,185,8346,87.16,sam2,1.414,4238.068,64.58
200,rebounding,1,521,186,8029,83.85,sam2,1.0,2996.766,45.665
201,rebounding,1,521,187,7581,79.17,sam2,1.0,2996.766,45.665
202,rebounding,1,520,189,7118,74.34,sam2,2.236,6700.974,102.11
203,rebounding,1,519,192,6760,70.6,sam2,3.162,9476.608,144.405
204,rebounding,1,521,193,5820,60.78,sam2,2.236,6700.974,102.11
205,rebounding,1,521,194,5953,62.17,sam2,1.0,2996.766,45.665
206,rebounding,1,520,196,6264,65.42,sam2,2.236,6700.974,102.11
207,rebounding,1,518,199,6810,71.12,sam2,3.606,10804.995,164.648
208,rebounding,1,514,203,7436,77.66,sam2,5.657,16952.271,258.32
209,rebounding,1,510,206,9007,94.07,sam2,5.0,14983.832,228.325
210,rebounding,1,508,209,9620,100.47,sam2,3.606,10804.995,164.648
211,rebounding,1,505,213,10041,104.87,sam2,5.0,14983.832,228.325
212,rebounding,1,501,216,10114,105.63,sam2,5.0,14983.832,228.325
213,rebounding,1,489,223,11354,118.58,sam2,13.892,41632.411,634.399
214,rebounding,1,486,225,11407,119.13,sam2,3.606,10804.995,164.648
215,rebounding,1,484,227,11294,117.95,sam2,2.828,8476.136,129.16
216,rebounding,1,482,229,10867,113.49,sam2,2.828,8476.136,129.16
217,rebounding,1,481,230,10172,106.23,sam2,1.414,4238.068,64.58
218,rebounding,1,479,233,10080,105.27,sam2,3.606,10804.995,164.648
219,rebounding,1,478,236,9716,101.47,sam2,3.162,9476.608,144.405
220,rebounding,1,478,238,9506,99.28,sam2,2.0,5993.533,91.33
221,rebounding,1,478,240,9461,98.81,sam2,2.0,5993.533,91.33
222,rebounding,1,479,241,9265,96.76,sam2,1.414,4238.068,64.58
223,rebounding,1,479,243,9116,95.21,sam2,2.0,5993.533,91.33
224,rebounding,1,478,245,9093,94.97,sam2,2.236,6700.974,102.11
225,rebounding,1,476,247,9110,95.14,sam2,2.828,8476.136,129.16
226,rebounding,1,475,250,8959,93.57,sam2,3.162,9476.608,144.405
227,rebounding,1,472,253,9270,96.81,sam2,4.243,12714.203,193.74
228,rebounding,1,470,256,9585,100.1,sam2,3.606,10804.995,164.648
229,rebounding,1,469,258,9773,102.07,sam2,2.236,6700.974,102.11
230,rebounding,1,469,261,9995,104.39,sam2,3.0,8990.299,136.995
231,rebounding,1,469,263,10103,105.51,sam2,2.0,5993.533,91.33
232,rebounding,1,469,265,10076,105.23,sam2,2.0,5993.533,91.33
233,rebounding,1,470,268,10060,105.07,sam2,3.162,9476.608,144.405
234,rebounding,1,470,271,9980,104.23,sam2,3.0,8990.299,136.995
235,rebounding,1,468,274,9696,101.26,sam2,3.606,10804.995,164.648
236,rebounding,1,467,277,9694,101.24,sam2,3.162,9476.608,144.405
237,rebounding,1,465,280,9620,100.47,sam2,3.606,10804.995,164.648
238,rebounding,1,464,284,9234,96.44,sam2,4.123,12355.985,188.282
239,rebounding,1,463,288,9331,97.45,sam2,4.123,12355.985,188.282
240,rebounding,1,461,291,9508,99.3,sam2,3.606,10804.995,164.648
241,rebounding,1,459,293,9781,102.15,sam2,2.828,8476.136,129.16
242,rebounding,1,457,296,10043,104.89,sam2,3.606,10804.995,164.648
243,rebounding,1,456,300,10293,107.5,sam2,4.123,12355.985,188.282
244,rebounding,1,455,304,10487,109.52,sam2,4.123,12355.985,188.282
245,rebounding,1,454,307,10716,111.92,sam2,3.162,9476.608,144.405
246,rebounding,1,453,312,10721,111.97,sam2,5.099,15280.571,232.847
247,rebounding,1,453,317,10507,109.73,sam2,5.0,14983.832,228.325
248,rebounding,1,452,321,10377,108.38,sam2,4.123,12355.985,188.282
249,rebounding,1,451,325,10310,107.68,sam2,4.123,12355.985,188.282
250,rebounding,1,450,330,9859,102.97,sam2,5.099,15280.571,232.847
251,rebounding,1,448,334,9380,97.96,sam2,4.472,13401.947,204.22
252,rebounding,1,446,337,9373,97.89,sam2,3.606,10804.995,164.648
253,rebounding,1,445,342,9340,97.55,sam2,5.099,15280.571,232.847
254,rebounding,1,444,347,9379,97.95,sam2,5.099,15280.571,232.847
255,rebounding,1,443,352,9548,99.72,sam2,5.099,15280.571,232.847
256,rebounding,1,444,358,9965,104.07,sam2,6.083,18228.619,277.769
257,rebounding,1,444,362,9706,101.37,sam2,4.0,11987.066,182.66
258,rebounding,1,443,365,9554,99.78,sam2,3.162,9476.608,144.405
259,rebounding,1,442,367,9281,96.93,sam2,2.236,6700.974,102.11
260,rebounding,1,441,369,9114,95.19,sam2,2.236,6700.974,102.11
261,rebounding,1,439,370,8929,93.25,sam2,2.236,6700.974,102.11
262,rebounding,1,438,371,8984,93.83,sam2,1.414,4238.068,64.58
263,rebounding,1,438,372,8968,93.66,sam2,1.0,2996.766,45.665
264,rebounding,1,436,374,9075,94.78,sam2,2.828,8476.136,129.16
265,rebounding,1,435,372,9254,96.65,sam2,2.236,6700.974,102.11
266,rebounding,1,433,372,9465,98.85,sam2,2.0,5993.533,91.33
267,rebounding,1,432,372,9559,99.83,sam2,1.0,2996.766,45.665
268,rebounding,1,432,370,9817,102.53,sam2,2.0,5993.533,91.33
269,rebounding,1,431,368,10124,105.73,sam2,2.236,6700.974,102.11
270,rebounding,1,430,366,10385,108.46,sam2,2.236,6700.974,102.11
271,rebounding,1,429,365,10807,112.87,sam2,1.414,4238.068,64.58
272,rebounding,1,429,364,11013,115.02,sam2,1.0,2996.766,45.665
273,rebounding,1,428,362,11161,116.56,sam2,2.236,6700.974,102.11
274,rebounding,1,427,360,11052,115.43,sam2,2.236,6700.974,102.11
275,rebounding,1,425,357,10757,112.34,sam2,3.606,10804.995,164.648
276,rebounding,1,424,354,10281,107.37,sam2,3.162,9476.608,144.405
277,rebounding,1,424,351,9833,102.69,sam2,3.0,8990.299,136.995
278,rebounding,1,424,348,9419,98.37,sam2,3.0,8990.299,136.995
279,rebounding,1,424,345,9237,96.47,sam2,3.0,8990.299,136.995
280,rebounding,1,424,344,9117,95.22,sam2,1.0,2996.766,45.665
281,rebounding,1,423,343,9066,94.68,sam2,1.414,4238.068,64.58
282,rebounding,1,422,341,8935,93.32,sam2,2.236,6700.974,102.11
283,rebounding,1,421,340,9082,94.85,sam2,1.414,4238.068,64.58
284,rebounding,1,419,338,9416,98.34,sam2,2.828,8476.136,129.16
285,rebounding,1,418,337,9647,100.75,sam2,1.414,4238.068,64.58
286,rebounding,1,417,334,9787,102.21,sam2,3.162,9476.608,144.405
287,rebounding,1,416,331,9695,101.25,sam2,3.162,9476.608,144.405
288,rebounding,1,415,328,9725,101.57,sam2,3.162,9476.608,144.405
289,rebounding,1,414,326,9972,104.15,sam2,2.236,6700.974,102.11
290,rebounding,1,413,324,10080,105.27,sam2,2.236,6700.974,102.11
291,rebounding,1,413,323,10127,105.77,sam2,1.0,2996.766,45.665
292,rebounding,1,412,322,10141,105.91,sam2,1.414,4238.068,64.58
293,rebounding,1,411,321,9928,103.69,sam2,1.414,4238.068,64.58
294,rebounding,1,410,321,9663,100.92,sam2,1.0,2996.766,45.665
295,rebounding,1,408,322,9335,97.49,sam2,2.236,6700.974,102.11
296,rebounding,1,407,320,9160,95.67,sam2,2.236,6700.974,102.11
297,rebounding,1,407,319,8859,92.52,sam2,1.0,2996.766,45.665
298,rebounding,1,406,318,8556,89.36,sam2,1.414,4238.068,64.58
299,rebounding,1,405,317,8280,86.48,sam2,1.414,4238.068,64.58
300,rebounding,1,405,317,8074,84.32,sam2,0.0,0.0,0.0
301,rebounding,1,404,316,7883,82.33,sam2,1.414,4238.068,64.58
302,rebounding,1,404,316,7804,81.5,sam2,0.0,0.0,0.0
303,rebounding,1,403,316,7783,81.28,sam2,1.0,2996.766,45.665
304,rebounding,1,401,316,7896,82.46,sam2,2.0,5993.533,91.33
305,rebounding,1,400,316,7964,83.17,sam2,1.0,2996.766,45.665
306,rebounding,1,399,316,8246,86.12,sam2,1.0,2996.766,45.665
307,rebounding,1,398,317,8579,89.6,sam2,1.414,4238.068,64.58
308,rebounding,1,397,317,8735,91.23,sam2,1.0,2996.766,45.665
309,rebounding,1,396,318,9061,94.63,sam2,1.414,4238.068,64.58
310,rebounding,1,395,318,9204,96.13,sam2,1.0,2996.766,45.665
311,rebounding,1,394,318,9490,99.11,sam2,1.0,2996.766,45.665
312,rebounding,1,394,318,9580,100.05,sam2,0.0,0.0,0.0
313,rebounding,1,393,318,9585,100.1,sam2,1.0,2996.766,45.665
314,rebounding,1,392,318,9435,98.54,sam2,1.0,2996.766,45.665
315,rebounding,1,390,319,9312,97.25,sam2,2.236,6700.974,102.11
316,rebounding,1,389,320,9229,96.39,sam2,1.414,4238.068,64.58
317,rebounding,1,388,321,9024,94.25,sam2,1.414,4238.068,64.58
318,rebounding,1,387,322,8783,91.73,sam2,1.414,4238.068,64.58
319,rebounding,1,386,323,8730,91.17,sam2,1.414,4238.068,64.58
320,rebounding,1,385,325,8498,88.75,sam2,2.236,6700.974,102.11
321,rebounding,1,384,326,8263,86.3,sam2,1.414,4238.068,64.58
322,rebounding,1,384,328,8142,85.03,sam2,2.0,5993.533,91.33
323,rebounding,1,383,330,8209,85.73,sam2,2.236,6700.974,102.11
324,rebounding,1,382,331,8384,87.56,sam2,1.414,4238.068,64.58
325,rebounding,1,381,332,8394,87.67,sam2,1.414,4238.068,64.58
326,rebounding,1,380,334,8557,89.37,sam2,2.236,6700.974,102.11
327,rebounding,1,379,335,8577,89.58,sam2,1.414,4238.068,64.58
328,rebounding,1,378,336,8732,91.2,sam2,1.414,4238.068,64.58
329,rebounding,1,377,338,8785,91.75,sam2,2.236,6700.974,102.11
330,rebounding,1,376,340,9124,95.29,sam2,2.236,6700.974,102.11
331,rebounding,1,375,344,9527,99.5,sam2,4.123,12355.985,188.282
332,rebounding,1,375,347,9844,102.81,sam2,3.0,8990.299,136.995
333,rebounding,1,374,349,9880,103.19,sam2,2.236,6700.974,102.11
334,rebounding,1,374,352,9831,102.67,sam2,3.0,8990.299,136.995
335,rebounding,1,373,353,9769,102.03,sam2,1.414,4238.068,64.58
336,rebounding,1,372,356,9688,101.18,sam2,3.162,9476.608,144.405
337,rebounding,1,371,358,9733,101.65,sam2,2.236,6700.974,102.11
338,rebounding,1,370,360,9650,100.78,sam2,2.236,6700.974,102.11
339,rebounding,1,369,362,9646,100.74,sam2,2.236,6700.974,102.11
340,rebounding,1,368,364,9411,98.29,sam2,2.236,6700.974,102.11
341,rebounding,1,367,366,9281,96.93,sam2,2.236,6700.974,102.11
342,rebounding,1,367,367,9037,94.38,sam2,1.0,2996.766,45.665
343,rebounding,1,366,369,8950,93.47,sam2,2.236,6700.974,102.11
344,rebounding,1,365,369,9035,94.36,sam2,1.0,2996.766,45.665
345,rebounding,1,364,369,8937,93.34,sam2,1.0,2996.766,45.665
346,rebounding,1,363,370,8984,93.83,sam2,1.414,4238.068,64.58
347,rebounding,1,362,370,8911,93.07,sam2,1.0,2996.766,45.665
348,rebounding,1,361,371,9100,95.04,sam2,1.414,4238.068,64.58
349,rebounding,1,360,372,9020,94.2,sam2,1.414,4238.068,64.58
350,rebounding,1,360,372,9062,94.64,sam2,0.0,0.0,0.0
351,rebounding,1,358,371,9373,97.89,sam2,2.236,6700.974,102.11
352,rebounding,1,357,369,9450,98.69,sam2,2.236,6700.974,102.11
353,rebounding,1,356,368,9769,102.03,sam2,1.414,4238.068,64.58
354,rebounding,1,356,366,10048,104.94,sam2,2.0,5993.533,91.33
355,rebounding,1,355,363,10189,106.41,sam2,3.162,9476.608,144.405
356,rebounding,1,355,362,10080,105.27,sam2,1.0,2996.766,45.665
357,rebounding,1,354,360,9850,102.87,sam2,2.236,6700.974,102.11
358,rebounding,1,354,358,9955,103.97,sam2,2.0,5993.533,91.33
359,rebounding,1,352,356,9771,102.05,sam2,2.828,8476.136,129.16
360,rebounding,1,351,354,9626,100.53,sam2,2.236,6700.974,102.11
361,rebounding,1,349,352,9430,98.49,sam2,2.828,8476.136,129.16
362,rebounding,1,348,351,9202,96.1,sam2,1.414,4238.068,64.58
363,rebounding,1,347,349,9161,95.68,sam2,2.236,6700.974,102.11
364,rebounding,1,345,347,9484,99.05,sam2,2.828,8476.136,129.16
365,rebounding,1,345,345,9705,101.36,sam2,2.0,5993.533,91.33
366,rebounding,1,343,343,9644,100.72,sam2,2.828,8476.136,129.16
367,rebounding,1,342,341,9423,98.41,sam2,2.236,6700.974,102.11
368,rebounding,1,342,340,9256,96.67,sam2,1.0,2996.766,45.665
369,rebounding,1,341,338,9063,94.65,sam2,2.236,6700.974,102.11
370,rebounding,1,340,337,8927,93.23,sam2,1.414,4238.068,64.58
371,rebounding,1,339,336,8705,90.91,sam2,1.414,4238.068,64.58
372,rebounding,1,338,334,8630,90.13,sam2,2.236,6700.974,102.11
373,rebounding,1,337,333,8625,90.08,sam2,1.414,4238.068,64.58
374,rebounding,1,336,333,8537,89.16,sam2,1.0,2996.766,45.665
375,rebounding,1,335,332,8301,86.69,sam2,1.414,4238.068,64.58
376,rebounding,1,334,331,8028,83.84,sam2,1.414,4238.068,64.58
377,rebounding,1,333,330,8019,83.75,sam2,1.414,4238.068,64.58
378,rebounding,1,333,329,7952,83.05,sam2,1.0,2996.766,45.665
379,rebounding,1,333,329,7948,83.01,sam2,0.0,0.0,0.0
380,rebounding,1,331,329,8034,83.91,sam2,2.0,5993.533,91.33
381,rebounding,1,330,328,8136,84.97,sam2,1.414,4238.068,64.58
382,rebounding,1,329,328,8247,86.13,sam2,1.0,2996.766,45.665
383,rebounding,1,328,328,8315,86.84,sam2,1.0,2996.766,45.665
384,rebounding,1,327,327,8533,89.12,sam2,1.414,4238.068,64.58
385,rebounding,1,325,327,8664,90.49,sam2,2.0,5993.533,91.33
386,rebounding,1,324,327,8867,92.61,sam2,1.0,2996.766,45.665
387,rebounding,1,323,327,8923,93.19,sam2,1.0,2996.766,45.665
388,rebounding,1,322,328,9036,94.37,sam2,1.414,4238.068,64.58
389,rebounding,1,321,329,8985,93.84,sam2,1.414,4238.068,64.58
390,rebounding,1,320,329,9029,94.3,sam2,1.0,2996.766,45.665
391,rebounding,1,319,330,8827,92.19,sam2,1.414,4238.068,64.58
392,rebounding,1,318,330,8701,90.87,sam2,1.0,2996.766,45.665
393,rebounding,1,317,330,8519,88.97,sam2,1.0,2996.766,45.665
394,rebounding,1,316,331,8335,87.05,sam2,1.414,4238.068,64.58
395,rebounding,1,315,331,8105,84.65,sam2,1.0,2996.766,45.665
396,rebounding,1,314,332,7980,83.34,sam2,1.414,4238.068,64.58
397,rebounding,1,313,333,7904,82.55,sam2,1.414,4238.068,64.58
398,rebounding,1,312,334,7751,80.95,sam2,1.414,4238.068,64.58
399,rebounding,1,311,335,7732,80.75,sam2,1.414,4238.068,64.58
400,rebounding,1,311,336,7562,78.98,sam2,1.0,2996.766,45.665
401,rebounding,1,310,338,7592,79.29,sam2,2.236,6700.974,102.11
402,rebounding,1,309,339,7545,78.8,sam2,1.414,4238.068,64.58
403,rebounding,1,307,340,7585,79.22,sam2,2.236,6700.974,102.11
404,rebounding,1,307,342,7804,81.5,sam2,2.0,5993.533,91.33
405,rebounding,1,305,344,8176,85.39,sam2,2.828,8476.136,129.16
406,rebounding,1,304,346,8551,89.31,sam2,2.236,6700.974,102.11
407,rebounding,1,303,348,8829,92.21,sam2,2.236,6700.974,102.11
408,rebounding,1,302,352,9203,96.11,sam2,4.123,12355.985,188.282
409,rebounding,1,301,354,10198,106.51,sam2,2.236,6700.974,102.11
410,rebounding,1,300,356,10508,109.74,sam2,2.236,6700.974,102.11
411,rebounding,1,299,358,10728,112.04,sam2,2.236,6700.974,102.11
412,rebounding,1,298,360,9968,104.1,sam2,2.236,6700.974,102.11
413,rebounding,1,298,362,10730,112.06,sam2,2.0,5993.533,91.33
414,rebounding,1,296,363,9737,101.69,sam2,2.236,6700.974,102.11
415,rebounding,1,295,364,9685,101.15,sam2,1.414,4238.068,64.58
416,rebounding,1,294,366,9330,97.44,sam2,2.236,6700.974,102.11
417,rebounding,1,294,367,9170,95.77,sam2,1.0,2996.766,45.665
418,rebounding,1,292,368,8743,91.31,sam2,2.236,6700.974,102.11
419,rebounding,1,291,370,8741,91.29,sam2,2.236,6700.974,102.11
420,rebounding,1,290,372,8560,89.4,sam2,2.236,6700.974,102.11
421,rebounding,1,289,372,8500,88.77,sam2,1.0,2996.766,45.665
422,rebounding,1,288,372,8585,89.66,sam2,1.0,2996.766,45.665
423,rebounding,1,287,373,8798,91.89,sam2,1.414,4238.068,64.58
424,rebounding,1,286,372,8761,91.5,sam2,1.414,4238.068,64.58
425,rebounding,1,285,372,8718,91.05,sam2,1.0,2996.766,45.665
426,rebounding,1,284,372,8762,91.51,sam2,1.0,2996.766,45.665
427,rebounding,1,284,372,8912,93.08,sam2,0.0,0.0,0.0
428,rebounding,1,283,371,9089,94.92,sam2,1.414,4238.068,64.58
429,rebounding,1,281,370,9227,96.37,sam2,2.236,6700.974,102.11
430,rebounding,1,280,370,9606,100.32,sam2,1.0,2996.766,45.665
431,rebounding,1,279,369,9668,100.97,sam2,1.414,4238.068,64.58
432,rebounding,1,278,367,9813,102.49,sam2,2.236,6700.974,102.11
433,rebounding,1,278,366,9956,103.98,sam2,1.0,2996.766,45.665
434,rebounding,1,277,364,10203,106.56,sam2,2.236,6700.974,102.11
435,rebounding,1,277,364,10419,108.81,sam2,0.0,0.0,0.0
436,rebounding,1,276,362,11161,116.56,sam2,2.236,6700.974,102.11
437,rebounding,1,276,360,11261,117.61,sam2,2.0,5993.533,91.33
438,rebounding,1,276,359,11294,117.95,sam2,1.0,2996.766,45.665
439,rebounding,1,275,358,11263,117.63,sam2,1.414,4238.068,64.58
440,rebounding,1,275,358,11404,119.1,sam2,0.0,0.0,0.0
441,rebounding,1,274,357,11351,118.55,sam2,1.414,4238.068,64.58
442,rebounding,1,274,357,11372,118.77,sam2,0.0,0.0,0.0
443,rebounding,1,273,356,11536,120.48,sam2,1.414,4238.068,64.58
444,rebounding,1,273,356,11501,120.11,sam2,0.0,0.0,0.0
445,rebounding,1,272,356,11478,119.87,sam2,1.0,2996.766,45.665
446,rebounding,1,271,351,10178,106.3,sam2,5.099,15280.571,232.847
447,rebounding,1,269,348,9906,103.46,sam2,3.606,10804.995,164.648
448,rebounding,1,268,347,9824,102.6,sam2,1.414,4238.068,64.58
449,rebounding,1,268,346,9800,102.35,sam2,1.0,2996.766,45.665
450,rebounding,1,268,345,9570,99.95,sam2,1.0,2996.766,45.665
451,rebounding,1,267,344,9542,99.66,sam2,1.414,4238.068,64.58
452,rebounding,1,267,344,9543,99.67,sam2,0.0,0.0,0.0
453,rebounding,1,266,344,9474,98.95,sam2,1.0,2996.766,45.665
454,rebounding,1,266,344,9636,100.64,sam2,0.0,0.0,0.0
455,rebounding,1,265,344,9521,99.44,sam2,1.0,2996.766,45.665
456,rebounding,1,264,345,9411,98.29,sam2,1.414,4238.068,64.58
457,rebounding,1,264,346,9380,97.96,sam2,1.0,2996.766,45.665
458,rebounding,1,264,346,9368,97.84,sam2,0.0,0.0,0.0
459,rebounding,1,263,347,9405,98.22,sam2,1.414,4238.068,64.58
460,rebounding,1,263,347,9502,99.24,sam2,0.0,0.0,0.0
461,rebounding,1,262,349,9509,99.31,sam2,2.236,6700.974,102.11
462,rebounding,1,260,351,9700,101.31,sam2,2.828,8476.136,129.16
463,rebounding,1,259,352,9758,101.91,sam2,1.414,4238.068,64.58
464,rebounding,1,258,354,9756,101.89,sam2,2.236,6700.974,102.11
465,rebounding,1,258,354,9868,103.06,sam2,0.0,0.0,0.0
466,rebounding,1,257,354,9849,102.86,sam2,1.0,2996.766,45.665
467,rebounding,1,256,356,9909,103.49,sam2,2.236,6700.974,102.11
468,rebounding,1,256,357,9876,103.14,sam2,1.0,2996.766,45.665
469,rebounding,1,255,358,9917,103.57,sam2,1.414,4238.068,64.58
470,rebounding,1,254,359,9948,103.9,sam2,1.414,4238.068,64.58
471,rebounding,1,254,360,9860,102.98,sam2,1.0,2996.766,45.665
472,rebounding,1,253,362,9742,101.74,sam2,2.236,6700.974,102.11
473,rebounding,1,252,363,9453,98.73,sam2,1.414,4238.068,64.58
474,rebounding,1,252,364,9385,98.02,sam2,1.0,2996.766,45.665
475,rebounding,1,251,365,9308,97.21,sam2,1.414,4238.068,64.58
476,rebounding,1,251,366,9319,97.33,sam2,1.0,2996.766,45.665
477,rebounding,1,250,367,9269,96.8,sam2,1.414,4238.068,64.58
478,rebounding,1,249,368,9263,96.74,sam2,1.414,4238.068,64.58
479,rebounding,1,249,368,9127,95.32,sam2,0.0,0.0,0.0
480,rebounding,1,249,369,9841,102.78,sam2,1.0,2996.766,45.665
481,rebounding,1,249,370,9167,95.74,sam2,1.0,2996.766,45.665
482,rebounding,1,248,370,9158,95.64,sam2,1.0,2996.766,45.665
483,rebounding,1,247,370,8998,93.97,sam2,1.0,2996.766,45.665
484,rebounding,1,247,370,9018,94.18,sam2,0.0,0.0,0.0
485,rebounding,1,246,370,8920,93.16,sam2,1.0,2996.766,45.665
486,rebounding,1,245,370,8987,93.86,sam2,1.0,2996.766,45.665
487,rebounding,1,244,369,8912,93.08,sam2,1.414,4238.068,64.58
488,rebounding,1,244,369,9115,95.2,sam2,0.0,0.0,0.0
489,rebounding,1,244,368,9263,96.74,sam2,1.0,2996.766,45.665
490,rebounding,1,244,368,9507,99.29,sam2,0.0,0.0,0.0
491,rebounding,1,243,366,9589,100.15,sam2,2.236,6700.974,102.11
492,rebounding,1,243,366,9719,101.5,sam2,0.0,0.0,0.0
493,rebounding,1,242,365,9857,102.95,sam2,1.414,4238.068,64.58
494,rebounding,1,241,364,9953,103.95,sam2,1.414,4238.068,64.58
495,rebounding,1,241,363,10134,105.84,sam2,1.0,2996.766,45.665
496,rebounding,1,240,362,10121,105.7,sam2,1.414,4238.068,64.58
497,rebounding,1,240,362,10244,106.99,sam2,0.0,0.0,0.0
498,rebounding,1,239,361,10063,105.1,sam2,1.414,4238.068,64.58
499,rebounding,1,240,361,9987,104.3,sam2,1.0,2996.766,45.665
500,rebounding,1,240,360,9810,102.45,sam2,1.0,2996.766,45.665
501,rebounding,1,239,360,9652,100.8,sam2,1.0,2996.766,45.665
502,rebounding,1,239,360,9636,100.64,sam2,0.0,0.0,0.0
503,rebounding,1,239,359,9563,99.87,sam2,1.0,2996.766,45.665
504,rebounding,1,239,358,10284,107.4,sam2,1.0,2996.766,45.665
505,rebounding,1,239,359,9841,102.78,sam2,1.0,2996.766,45.665
506,rebounding,1,238,358,10499,109.65,sam2,1.414,4238.068,64.58
507,rebounding,1,238,358,9798,102.33,sam2,0.0,0.0,0.0
508,rebounding,1,238,359,9949,103.91,sam2,1.0,2996.766,45.665
509,rebounding,1,238,358,10665,111.38,sam2,1.0,2996.766,45.665
510,rebounding,1,238,359,10087,105.35,sam2,1.0,2996.766,45.665
511,rebounding,1,238,359,10790,112.69,sam2,0.0,0.0,0.0
512,rebounding,1,238,360,10129,105.79,sam2,1.0,2996.766,45.665
513,rebounding,1,238,361,10015,104.6,sam2,1.0,2996.766,45.665
514,rebounding,1,238,362,9984,104.27,sam2,1.0,2996.766,45.665
515,rebounding,1,238,363,9939,103.8,sam2,1.0,2996.766,45.665
516,rebounding,1,238,364,9803,102.38,sam2,1.0,2996.766,45.665
517,rebounding,1,237,365,9734,101.66,sam2,1.414,4238.068,64.58
518,rebounding,1,238,367,9533,99.56,sam2,2.236,6700.974,102.11
519,rebounding,1,238,368,9467,98.87,sam2,1.0,2996.766,45.665
520,rebounding,1,238,367,9120,95.25,sam2,1.0,2996.766,45.665
521,rebounding,1,239,368,9238,96.48,sam2,1.414,4238.068,64.58
522,rebounding,1,239,369,9079,94.82,sam2,1.0,2996.766,45.665
523,rebounding,1,239,369,8922,93.18,sam2,0.0,0.0,0.0
524,rebounding,1,240,370,8937,93.34,sam2,1.414,4238.068,64.58
525,rebounding,1,240,371,8863,92.56,sam2,1.0,2996.766,45.665
526,rebounding,1,240,370,8861,92.54,sam2,1.0,2996.766,45.665
527,rebounding,1,240,371,8855,92.48,sam2,1.0,2996.766,45.665
528,rebounding,1,240,370,8678,90.63,sam2,1.0,2996.766,45.665
529,rebounding,1,241,371,8857,92.5,sam2,1.414,4238.068,64.58
530,rebounding,1,241,371,8875,92.69,sam2,0.0,0.0,0.0
531,rebounding,1,241,370,8917,93.13,sam2,1.0,2996.766,45.665
532,rebounding,1,241,369,8973,93.71,sam2,1.0,2996.766,45.665
533,rebounding,1,242,369,9179,95.86,sam2,1.0,2996.766,45.665
534,rebounding,1,242,368,9352,97.67,sam2,1.0,2996.766,45.665
535,rebounding,1,242,367,9498,99.2,sam2,1.0,2996.766,45.665
536,rebounding,1,243,367,9596,100.22,sam2,1.0,2996.766,45.665
537,rebounding,1,243,366,9692,101.22,sam2,1.0,2996.766,45.665
538,rebounding,1,244,365,10316,107.74,sam2,1.414,4238.068,64.58
539,rebounding,1,244,364,9671,101.0,sam2,1.0,2996.766,45.665
540,rebounding,1,244,364,9687,101.17,sam2,0.0,0.0,0.0
541,rebounding,1,245,363,9774,102.08,sam2,1.414,4238.068,64.58
542,rebounding,1,244,362,9625,100.52,sam2,1.414,4238.068,64.58
543,rebounding,1,244,362,9776,102.1,sam2,0.0,0.0,0.0
544,rebounding,1,245,361,9793,102.28,sam2,1.414,4238.068,64.58
545,rebounding,1,245,361,9606,100.32,sam2,0.0,0.0,0.0
546,rebounding,1,246,361,9709,101.4,sam2,1.0,2996.766,45.665
547,rebounding,1,246,361,9676,101.05,sam2,0.0,0.0,0.0
548,rebounding,1,246,360,9623,100.5,sam2,1.0,2996.766,45.665
549,rebounding,1,246,361,9657,100.86,sam2,1.0,2996.766,45.665
550,rebounding,1,247,361,9704,101.35,sam2,1.0,2996.766,45.665
551,rebounding,1,246,361,9758,101.91,sam2,1.0,2996.766,45.665
552,rebounding,1,246,362,9647,100.75,sam2,1.0,2996.766,45.665
553,rebounding,1,246,363,9539,99.62,sam2,1.0,2996.766,45.665
554,rebounding,1,246,364,9624,100.51,sam2,1.0,2996.766,45.665
555,rebounding,1,246,364,9487,99.08,sam2,0.0,0.0,0.0
556,rebounding,1,246,365,9436,98.55,sam2,1.0,2996.766,45.665
557,rebounding,1,246,367,9427,98.45,sam2,2.0,5993.533,91.33
558,rebounding,1,246,367,9358,97.73,sam2,0.0,0.0,0.0
559,rebounding,1,247,368,9973,104.16,sam2,1.414,4238.068,64.58
560,rebounding,1,247,369,9334,97.48,sam2,1.0,2996.766,45.665
561,rebounding,1,247,369,9215,96.24,sam2,0.0,0.0,0.0
562,rebounding,1,247,370,9293,97.05,sam2,1.0,2996.766,45.665
563,rebounding,1,247,370,9341,97.56,sam2,0.0,0.0,0.0
564,rebounding,1,246,370,9258,96.69,sam2,1.0,2996.766,45.665
565,rebounding,1,246,371,9222,96.31,sam2,1.0,2996.766,45.665
566,rebounding,1,246,371,9150,95.56,sam2,0.0,0.0,0.0
567,rebounding,1,246,370,9035,94.36,sam2,1.0,2996.766,45.665
568,rebounding,1,245,371,9056,94.58,sam2,1.414,4238.068,64.58
569,rebounding,1,245,370,9015,94.15,sam2,1.0,2996.766,45.665
570,rebounding,1,245,370,9050,94.52,sam2,0.0,0.0,0.0
571,rebounding,1,245,369,9033,94.34,sam2,1.0,2996.766,45.665
572,rebounding,1,245,369,9263,96.74,sam2,0.0,0.0,0.0
573,rebounding,1,246,368,9334,97.48,sam2,1.414,4238.068,64.58
574,rebounding,1,245,367,9488,99.09,sam2,1.414,4238.068,64.58
575,rebounding,1,245,366,9584,100.09,sam2,1.0,2996.766,45.665
576,rebounding,1,245,365,9707,101.38,sam2,1.0,2996.766,45.665
577,rebounding,1,245,365,9821,102.57,sam2,0.0,0.0,0.0
578,rebounding,1,244,364,9959,104.01,sam2,1.414,4238.068,64.58
579,rebounding,1,244,363,10070,105.17,sam2,1.0,2996.766,45.665
580,rebounding,1,244,363,9958,104.0,sam2,0.0,0.0,0.0
581,rebounding,1,244,363,10141,105.91,sam2,0.0,0.0,0.0
582,rebounding,1,244,363,10037,104.83,sam2,0.0,0.0,0.0
583,rebounding,1,244,362,9890,103.29,sam2,1.0,2996.766,45.665
584,rebounding,1,244,363,9930,103.71,sam2,1.0,2996.766,45.665
585,rebounding,1,243,362,9921,103.61,sam2,1.414,4238.068,64.58
586,rebounding,1,243,362,9803,102.38,sam2,0.0,0.0,0.0
587,rebounding,1,243,362,9781,102.15,sam2,0.0,0.0,0.0
588,rebounding,1,243,362,9784,102.18,sam2,0.0,0.0,0.0
589,rebounding,1,243,363,9680,101.1,sam2,1.0,2996.766,45.665
590,rebounding,1,242,364,9665,100.94,sam2,1.414,4238.068,64.58
591,rebounding,1,242,364,9487,99.08,sam2,0.0,0.0,0.0
592,rebounding,1,242,365,9572,99.97,sam2,1.0,2996.766,45.665
593,rebounding,1,242,366,9635,100.63,sam2,1.0,2996.766,45.665
594,rebounding,1,242,367,9611,100.38,sam2,1.0,2996.766,45.665
595,rebounding,1,242,367,9443,98.62,sam2,0.0,0.0,0.0
596,rebounding,1,241,368,9330,97.44,sam2,1.414,4238.068,64.58
597,rebounding,1,241,368,9214,96.23,sam2,0.0,0.0,0.0
598,rebounding,1,241,369,9311,97.24,sam2,1.0,2996.766,45.665
599,rebounding,1,241,369,9237,96.47,sam2,0.0,0.0,0.0
600,rebounding,1,241,370,9335,97.49,sam2,1.0,2996.766,45.665
601,rebounding,1,241,370,9221,96.3,sam2,0.0,0.0,0.0
602,rebounding,1,241,371,9255,96.66,sam2,1.0,2996.766,45.665
603,rebounding,1,241,371,9302,97.15,sam2,0.0,0.0,0.0
604,rebounding,1,241,371,9333,97.47,sam2,0.0,0.0,0.0
605,rebounding,1,241,371,9353,97.68,sam2,0.0,0.0,0.0
606,rebounding,1,241,370,9211,96.2,sam2,1.0,2996.766,45.665
607,rebounding,1,241,370,9097,95.01,sam2,0.0,0.0,0.0
608,rebounding,1,241,370,9042,94.43,sam2,0.0,0.0,0.0
609,rebounding,1,241,369,9245,96.55,sam2,1.0,2996.766,45.665
610,rebounding,1,241,368,9151,95.57,sam2,1.0,2996.766,45.665
611,rebounding,1,242,368,9844,102.81,sam2,1.0,2996.766,45.665
612,rebounding,1,241,367,9559,99.83,sam2,1.414,4238.068,64.58
613,rebounding,1,241,366,9515,99.37,sam2,1.0,2996.766,45.665
614,rebounding,1,241,365,9560,99.84,sam2,1.0,2996.766,45.665
615,rebounding,1,241,365,9740,101.72,sam2,0.0,0.0,0.0
616,rebounding,1,241,364,9706,101.37,sam2,1.0,2996.766,45.665
617,rebounding,1,241,364,9947,103.89,sam2,0.0,0.0,0.0
618,rebounding,1,241,363,9790,102.25,sam2,1.0,2996.766,45.665
619,rebounding,1,242,363,9919,103.59,sam2,1.0,2996.766,45.665
620,rebounding,1,242,363,9940,103.81,sam2,0.0,0.0,0.0
621,rebounding,1,242,362,9865,103.03,sam2,1.0,2996.766,45.665
622,rebounding,1,242,363,9930,103.71,sam2,1.0,2996.766,45.665
623,rebounding,1,242,363,9908,103.48,sam2,0.0,0.0,0.0
624,rebounding,1,242,363,9806,102.41,sam2,0.0,0.0,0.0
625,rebounding,1,243,364,9754,101.87,sam2,1.414,4238.068,64.58
626,rebounding,1,243,364,9585,100.1,sam2,0.0,0.0,0.0
627,rebounding,1,243,364,9517,99.39,sam2,0.0,0.0,0.0
628,rebounding,1,243,365,9545,99.69,sam2,1.0,2996.766,45.665
629,rebounding,1,243,365,9400,98.17,sam2,0.0,0.0,0.0
630,rebounding,1,243,366,9345,97.6,sam2,1.0,2996.766,45.665
631,rebounding,1,243,366,9279,96.91,sam2,0.0,0.0,0.0
632,rebounding,1,244,367,9225,96.34,sam2,1.414,4238.068,64.58
633,rebounding,1,243,367,9087,94.9,sam2,1.0,2996.766,45.665
634,rebounding,1,244,368,9076,94.79,sam2,1.414,4238.068,64.58
635,rebounding,1,244,369,9185,95.93,sam2,1.0,2996.766,45.665
636,rebounding,1,244,369,9087,94.9,sam2,0.0,0.0,0.0
637,rebounding,1,244,370,9136,95.42,sam2,1.0,2996.766,45.665
638,rebounding,1,245,370,9778,102.12,sam2,1.0,2996.766,45.665
639,rebounding,1,245,370,9151,95.57,sam2,0.0,0.0,0.0
640,rebounding,1,245,371,9268,96.79,sam2,1.0,2996.766,45.665
641,rebounding,1,245,371,9343,97.58,sam2,0.0,0.0,0.0
642,rebounding,1,246,370,9447,98.66,sam2,1.414,4238.068,64.58
643,rebounding,1,246,370,9242,96.52,sam2,0.0,0.0,0.0
644,rebounding,1,246,370,9415,98.33,sam2,0.0,0.0,0.0
645,rebounding,1,246,369,9211,96.2,sam2,1.0,2996.766,45.665
646,rebounding,1,246,368,9326,97.4,sam2,1.0,2996.766,45.665
647,rebounding,1,247,369,9415,98.33,sam2,1.414,4238.068,64.58
648,rebounding,1,247,368,9383,97.99,sam2,1.0,2996.766,45.665
649,rebounding,1,247,367,9376,97.92,sam2,1.0,2996.766,45.665
650,rebounding,1,247,367,9434,98.53,sam2,0.0,0.0,0.0
651,rebounding,1,248,365,9501,99.23,sam2,2.236,6700.974,102.11
652,rebounding,1,248,365,9533,99.56,sam2,0.0,0.0,0.0
653,rebounding,1,248,364,9671,101.0,sam2,1.0,2996.766,45.665
654,rebounding,1,247,363,9739,101.71,sam2,1.414,4238.068,64.58
655,rebounding,1,247,363,9605,100.31,sam2,0.0,0.0,0.0
656,rebounding,1,248,363,9897,103.36,sam2,1.0,2996.766,45.665
657,rebounding,1,247,362,9798,102.33,sam2,1.414,4238.068,64.58
658,rebounding,1,247,363,9942,103.83,sam2,1.0,2996.766,45.665
659,rebounding,1,247,363,9888,103.27,sam2,0.0,0.0,0.0
660,rebounding,1,248,363,9976,104.19,sam2,1.0,2996.766,45.665
661,rebounding,1,247,364,9828,102.64,sam2,1.414,4238.068,64.58
662,rebounding,1,247,364,9756,101.89,sam2,0.0,0.0,0.0
663,rebounding,1,247,364,9773,102.07,sam2,0.0,0.0,0.0
664,rebounding,1,247,364,9600,100.26,sam2,0.0,0.0,0.0
665,rebounding,1,247,365,9767,102.01,sam2,1.0,2996.766,45.665
666,rebounding,1,247,366,9669,100.98,sam2,1.0,2996.766,45.665
667,rebounding,1,247,366,9488,99.09,sam2,0.0,0.0,0.0
668,rebounding,1,246,366,9433,98.52,sam2,1.0,2996.766,45.665
669,rebounding,1,246,367,9365,97.81,sam2,1.0,2996.766,45.665
670,rebounding,1,246,368,9340,97.55,sam2,1.0,2996.766,45.665
671,rebounding,1,246,369,9227,96.37,sam2,1.0,2996.766,45.665
672,rebounding,1,246,370,9210,96.19,sam2,1.0,2996.766,45.665
673,rebounding,1,246,370,9027,94.28,sam2,0.0,0.0,0.0
674,rebounding,1,245,370,9036,94.37,sam2,1.0,2996.766,45.665
675,rebounding,1,245,370,8949,93.46,sam2,0.0,0.0,0.0
676,rebounding,1,245,371,9102,95.06,sam2,1.0,2996.766,45.665
677,rebounding,1,245,371,9109,95.13,sam2,0.0,0.0,0.0
678,rebounding,1,245,371,9091,94.95,sam2,0.0,0.0,0.0
679,rebounding,1,244,371,9367,97.83,sam2,1.0,2996.766,45.665
680,rebounding,1,244,370,9226,96.36,sam2,1.0,2996.766,45.665
681,rebounding,1,244,369,9375,97.91,sam2,1.0,2996.766,45.665
682,rebounding,1,243,369,9262,96.73,sam2,1.0,2996.766,45.665
683,rebounding,1,243,368,9448,98.67,sam2,1.0,2996.766,45.665
684,rebounding,1,243,368,9477,98.98,sam2,0.0,0.0,0.0
685,rebounding,1,243,368,9634,100.62,sam2,0.0,0.0,0.0
686,rebounding,1,243,367,9678,101.08,sam2,1.0,2996.766,45.665
687,rebounding,1,243,366,9628,100.55,sam2,1.0,2996.766,45.665
688,rebounding,1,242,366,9651,100.79,sam2,1.0,2996.766,45.665
689,rebounding,1,242,365,9810,102.45,sam2,1.0,2996.766,45.665
690,rebounding,1,242,365,9723,101.55,sam2,0.0,0.0,0.0
691,rebounding,1,242,364,9796,102.31,sam2,1.0,2996.766,45.665
692,rebounding,1,241,364,9632,100.6,sam2,1.0,2996.766,45.665
693,rebounding,1,241,363,9660,100.89,sam2,1.0,2996.766,45.665
694,rebounding,1,241,362,9802,102.37,sam2,1.0,2996.766,45.665
695,rebounding,1,241,362,9876,103.14,sam2,0.0,0.0,0.0
696,rebounding,1,241,362,9772,102.06,sam2,0.0,0.0,0.0
697,rebounding,1,241,363,9751,101.84,sam2,1.0,2996.766,45.665
698,rebounding,1,241,363,9742,101.74,sam2,0.0,0.0,0.0
699,rebounding,1,241,364,9786,102.2,sam2,1.0,2996.766,45.665
700,rebounding,1,241,364,9713,101.44,sam2,0.0,0.0,0.0
701,rebounding,1,241,365,9678,101.08,sam2,1.0,2996.766,45.665
702,rebounding,1,241,365,9698,101.28,sam2,0.0,0.0,0.0
703,rebounding,1,241,366,9776,102.1,sam2,1.0,2996.766,45.665
704,rebounding,1,241,367,9659,100.88,sam2,1.0,2996.766,45.665
705,rebounding,1,241,366,9615,100.42,sam2,1.0,2996.766,45.665
706,rebounding,1,241,367,9470,98.9,sam2,1.0,2996.766,45.665
707,rebounding,1,241,368,9396,98.13,sam2,1.0,2996.766,45.665
708,rebounding,1,241,368,9267,96.78,sam2,0.0,0.0,0.0
709,rebounding,1,241,369,9186,95.94,sam2,1.0,2996.766,45.665
710,rebounding,1,241,369,9083,94.86,sam2,0.0,0.0,0.0
711,rebounding,1,241,370,8955,93.52,sam2,1.0,2996.766,45.665
712,rebounding,1,241,370,8957,93.55,sam2,0.0,0.0,0.0
713,rebounding,1,242,370,8997,93.96,sam2,1.0,2996.766,45.665
714,rebounding,1,242,370,8876,92.7,sam2,0.0,0.0,0.0
715,rebounding,1,242,370,8855,92.48,sam2,0.0,0.0,0.0
716,rebounding,1,242,370,8995,93.94,sam2,0.0,0.0,0.0
717,rebounding,1,242,370,9129,95.34,sam2,0.0,0.0,0.0
718,rebounding,1,242,369,9180,95.87,sam2,1.0,2996.766,45.665
719,rebounding,1,243,369,9254,96.65,sam2,1.0,2996.766,45.665
720,rebounding,1,243,368,9200,96.08,sam2,1.0,2996.766,45.665
721,rebounding,1,243,368,9232,96.42,sam2,0.0,0.0,0.0
722,rebounding,1,243,367,9335,97.49,sam2,1.0,2996.766,45.665
723,rebounding,1,243,367,9393,98.1,sam2,0.0,0.0,0.0
724,rebounding,1,243,366,9442,98.61,sam2,1.0,2996.766,45.665
725,rebounding,1,244,366,9636,100.64,sam2,1.0,2996.766,45.665
726,rebounding,1,244,365,9611,100.38,sam2,1.0,2996.766,45.665
727,rebounding,1,244,365,9771,102.05,sam2,0.0,0.0,0.0
728,rebounding,1,244,363,9793,102.28,sam2,2.0,5993.533,91.33
729,rebounding,1,244,363,9774,102.08,sam2,0.0,0.0,0.0
730,rebounding,1,245,363,9803,102.38,sam2,1.0,2996.766,45.665
731,rebounding,1,245,363,9739,101.71,sam2,0.0,0.0,0.0
732,rebounding,1,245,363,9776,102.1,sam2,0.0,0.0,0.0
733,rebounding,1,245,363,9676,101.05,sam2,0.0,0.0,0.0
734,rebounding,1,245,363,9689,101.19,sam2,0.0,0.0,0.0
735,rebounding,1,246,364,9552,99.76,sam2,1.414,4238.068,64.58
736,rebounding,1,246,364,9446,98.65,sam2,0.0,0.0,0.0
737,rebounding,1,246,364,9483,99.04,sam2,0.0,0.0,0.0
738,rebounding,1,246,364,9585,100.1,sam2,0.0,0.0,0.0
739,rebounding,1,246,365,9557,99.81,sam2,1.0,2996.766,45.665
740,rebounding,1,246,366,9454,98.74,sam2,1.0,2996.766,45.665
741,rebounding,1,246,367,9367,97.83,sam2,1.0,2996.766,45.665
742,rebounding,1,246,367,9354,97.69,sam2,0.0,0.0,0.0
743,rebounding,1,246,367,9243,96.53,sam2,0.0,0.0,0.0
744,rebounding,1,247,368,9243,96.53,sam2,1.414,4238.068,64.58
745,rebounding,1,247,369,9300,97.13,sam2,1.0,2996.766,45.665
746,rebounding,1,247,369,9269,96.8,sam2,0.0,0.0,0.0
747,rebounding,1,247,370,9335,97.49,sam2,1.0,2996.766,45.665
748,rebounding,1,247,370,9248,96.58,sam2,0.0,0.0,0.0
749,rebounding,1,247,370,9156,95.62,sam2,0.0,0.0,0.0
750,rebounding,1,247,371,9120,95.25,sam2,1.0,2996.766,45.665
751,rebounding,1,247,370,9089,94.92,sam2,1.0,2996.766,45.665
752,rebounding,1,247,371,9142,95.48,sam2,1.0,2996.766,45.665
753,rebounding,1,247,370,9080,94.83,sam2,1.0,2996.766,45.665
754,rebounding,1,246,370,9147,95.53,sam2,1.0,2996.766,45.665
755,rebounding,1,247,369,9168,95.75,sam2,1.414,4238.068,64.58
756,rebounding,1,247,369,9230,96.4,sam2,0.0,0.0,0.0
757,rebounding,1,247,369,9336,97.5,sam2,0.0,0.0,0.0
758,rebounding,1,247,368,9290,97.02,sam2,1.0,2996.766,45.665
759,rebounding,1,247,368,9424,98.42,sam2,0.0,0.0,0.0
760,rebounding,1,247,367,9463,98.83,sam2,1.0,2996.766,45.665
761,rebounding,1,246,366,9551,99.75,sam2,1.414,4238.068,64.58
762,rebounding,1,246,366,9523,99.46,sam2,0.0,0.0,0.0
763,rebounding,1,246,365,9612,100.39,sam2,1.0,2996.766,45.665
764,rebounding,1,246,365,9668,100.97,sam2,0.0,0.0,0.0
765,rebounding,1,246,364,9719,101.5,sam2,1.0,2996.766,45.665
766,rebounding,1,246,363,9742,101.74,sam2,1.0,2996.766,45.665
767,rebounding,1,246,363,9786,102.2,sam2,0.0,0.0,0.0
768,rebounding,1,245,363,9738,101.7,sam2,1.0,2996.766,45.665
769,rebounding,1,245,363,9843,102.8,sam2,0.0,0.0,0.0
770,rebounding,1,245,363,9775,102.09,sam2,0.0,0.0,0.0
771,rebounding,1,245,363,9833,102.69,sam2,0.0,0.0,0.0
772,rebounding,1,245,363,9646,100.74,sam2,0.0,0.0,0.0
773,rebounding,1,245,364,9707,101.38,sam2,1.0,2996.766,45.665
774,rebounding,1,244,364,9722,101.54,sam2,1.0,2996.766,45.665
775,rebounding,1,244,365,9527,99.5,sam2,1.0,2996.766,45.665
776,rebounding,1,244,365,9450,98.69,sam2,0.0,0.0,0.0
777,rebounding,1,244,366,9375,97.91,sam2,1.0,2996.766,45.665
778,rebounding,1,243,366,9473,98.93,sam2,1.0,2996.766,45.665
779,rebounding,1,243,367,9285,96.97,sam2,1.0,2996.766,45.665
780,rebounding,1,243,367,9354,97.69,sam2,0.0,0.0,0.0
781,rebounding,1,242,368,9203,96.11,sam2,1.414,4238.068,64.58
782,rebounding,1,243,369,9248,96.58,sam2,1.414,4238.068,64.58
783,rebounding,1,242,369,9310,97.23,sam2,1.0,2996.766,45.665
784,rebounding,1,242,370,9299,97.12,sam2,1.0,2996.766,45.665
785,rebounding,1,242,370,9251,96.62,sam2,0.0,0.0,0.0
786,rebounding,1,242,370,9316,97.3,sam2,0.0,0.0,0.0
787,rebounding,1,242,370,9272,96.84,sam2,0.0,0.0,0.0
788,rebounding,1,241,370,9275,96.87,sam2,1.0,2996.766,45.665
789,rebounding,1,241,370,9306,97.19,sam2,0.0,0.0,0.0
790,rebounding,1,241,370,9371,97.87,sam2,0.0,0.0,0.0
791,rebounding,1,242,370,9263,96.74,sam2,1.0,2996.766,45.665
792,rebounding,1,241,369,9282,96.94,sam2,1.414,4238.068,64.58
793,rebounding,1,241,368,9374,97.9,sam2,1.0,2996.766,45.665
794,rebounding,1,241,368,9425,98.43,sam2,0.0,0.0,0.0
795,rebounding,1,241,367,9386,98.03,sam2,1.0,2996.766,45.665
796,rebounding,1,241,367,9409,98.27,sam2,0.0,0.0,0.0
797,rebounding,1,241,366,9565,99.9,sam2,1.0,2996.766,45.665
798,rebounding,1,241,366,9530,99.53,sam2,0.0,0.0,0.0
799,rebounding,1,241,365,9538,99.61,sam2,1.0,2996.766,45.665
800,rebounding,1,241,364,10221,106.75,sam2,1.0,2996.766,45.665
801,rebounding,1,241,364,9664,100.93,sam2,0.0,0.0,0.0
802,rebounding,1,241,364,9802,102.37,sam2,0.0,0.0,0.0
803,rebounding,1,241,364,9810,102.45,sam2,0.0,0.0,0.0
804,rebounding,1,241,363,9678,101.08,sam2,1.0,2996.766,45.665
805,rebounding,1,241,363,9818,102.54,sam2,0.0,0.0,0.0
806,rebounding,1,241,363,9912,103.52,sam2,0.0,0.0,0.0
807,rebounding,1,241,363,9843,102.8,sam2,0.0,0.0,0.0
808,rebounding,1,241,363,9809,102.44,sam2,0.0,0.0,0.0
809,rebounding,1,241,364,9747,101.8,sam2,1.0,2996.766,45.665
810,rebounding,1,242,364,10410,108.72,sam2,1.0,2996.766,45.665
811,rebounding,1,242,365,9664,100.93,sam2,1.0,2996.766,45.665
812,rebounding,1,242,365,9671,101.0,sam2,0.0,0.0,0.0
813,rebounding,1,242,366,9573,99.98,sam2,1.0,2996.766,45.665
814,rebounding,1,242,366,9463,98.83,sam2,0.0,0.0,0.0
815,rebounding,1,242,366,9418,98.36,sam2,0.0,0.0,0.0
816,rebounding,1,242,367,9443,98.62,sam2,1.0,2996.766,45.665
817,rebounding,1,242,367,9296,97.09,sam2,0.0,0.0,0.0
818,rebounding,1,243,368,9303,97.16,sam2,1.414,4238.068,64.58
819,rebounding,1,243,369,9350,97.65,sam2,1.0,2996.766,45.665
820,rebounding,1,244,370,9420,98.38,sam2,1.414,4238.068,64.58
821,rebounding,1,243,369,9111,95.15,sam2,1.414,4238.068,64.58
822,rebounding,1,244,370,9196,96.04,sam2,1.414,4238.068,64.58
823,rebounding,1,244,370,9223,96.32,sam2,0.0,0.0,0.0
824,rebounding,1,244,370,9213,96.22,sam2,0.0,0.0,0.0
825,rebounding,1,244,370,9263,96.74,sam2,0.0,0.0,0.0
826,rebounding,1,244,369,9145,95.51,sam2,1.0,2996.766,45.665
827,rebounding,1,245,370,9148,95.54,sam2,1.414,4238.068,64.58
828,rebounding,1,245,370,9224,96.33,sam2,0.0,0.0,0.0
829,rebounding,1,246,369,9321,97.35,sam2,1.414,4238.068,64.58
830,rebounding,1,245,369,9312,97.25,sam2,1.0,2996.766,45.665
831,rebounding,1,246,368,9371,97.87,sam2,1.414,4238.068,64.58
832,rebounding,1,246,367,9430,98.49,sam2,1.0,2996.766,45.665
833,rebounding,1,246,367,9566,99.91,sam2,0.0,0.0,0.0
834,rebounding,1,247,367,9518,99.4,sam2,1.0,2996.766,45.665
835,rebounding,1,247,366,9499,99.21,sam2,1.0,2996.766,45.665
836,rebounding,1,247,366,9651,100.79,sam2,0.0,0.0,0.0
837,rebounding,1,247,365,9759,101.92,sam2,1.0,2996.766,45.665
838,rebounding,1,247,364,9640,100.68,sam2,1.0,2996.766,45.665
839,rebounding,1,247,364,9693,101.23,sam2,0.0,0.0,0.0
840,rebounding,1,247,364,9638,100.66,sam2,0.0,0.0,0.0
841,rebounding,1,248,364,9584,100.09,sam2,1.0,2996.766,45.665
842,rebounding,1,248,363,9619,100.46,sam2,1.0,2996.766,45.665
843,rebounding,1,247,363,9579,100.04,sam2,1.0,2996.766,45.665
844,rebounding,1,248,363,9661,100.9,sam2,1.0,2996.766,45.665
845,rebounding,1,248,364,9718,101.49,sam2,1.0,2996.766,45.665
846,rebounding,1,248,364,9742,101.74,sam2,0.0,0.0,0.0
847,rebounding,1,248,364,9797,102.32,sam2,0.0,0.0,0.0
848,rebounding,1,247,365,9714,101.45,sam2,1.414,4238.068,64.58
849,rebounding,1,247,365,9675,101.04,sam2,0.0,0.0,0.0
850,rebounding,1,247,365,9509,99.31,sam2,0.0,0.0,0.0
851,rebounding,1,247,366,9459,98.79,sam2,1.0,2996.766,45.665
852,rebounding,1,247,367,9412,98.3,sam2,1.0,2996.766,45.665
853,rebounding,1,247,367,9337,97.51,sam2,0.0,0.0,0.0
854,rebounding,1,247,368,9223,96.32,sam2,1.0,2996.766,45.665
855,rebounding,1,247,368,9238,96.48,sam2,0.0,0.0,0.0
856,rebounding,1,247,369,9263,96.74,sam2,1.0,2996.766,45.665
857,rebounding,1,246,369,9189,95.97,sam2,1.0,2996.766,45.665
858,rebounding,1,246,370,9223,96.32,sam2,1.0,2996.766,45.665
859,rebounding,1,246,370,9068,94.7,sam2,0.0,0.0,0.0
860,rebounding,1,246,370,9047,94.49,sam2,0.0,0.0,0.0
861,rebounding,1,246,370,9172,95.79,sam2,0.0,0.0,0.0
862,rebounding,1,246,370,9303,97.16,sam2,0.0,0.0,0.0
863,rebounding,1,245,370,9302,97.15,sam2,1.0,2996.766,45.665
864,rebounding,1,245,370,9298,97.11,sam2,0.0,0.0,0.0
865,rebounding,1,245,369,9234,96.44,sam2,1.0,2996.766,45.665
866,rebounding,1,245,368,9971,104.14,sam2,1.0,2996.766,45.665
867,rebounding,1,245,369,9429,98.48,sam2,1.0,2996.766,45.665
868,rebounding,1,245,368,9537,99.6,sam2,1.0,2996.766,45.665
869,rebounding,1,245,367,9698,101.28,sam2,1.0,2996.766,45.665
870,rebounding,1,244,367,9774,102.08,sam2,1.0,2996.766,45.665
871,rebounding,1,244,366,9729,101.61,sam2,1.0,2996.766,45.665
872,rebounding,1,244,366,9849,102.86,sam2,0.0,0.0,0.0
873,rebounding,1,243,366,9803,102.38,sam2,1.0,2996.766,45.665
874,rebounding,1,244,365,9866,103.04,sam2,1.414,4238.068,64.58
875,rebounding,1,243,365,9896,103.35,sam2,1.0,2996.766,45.665
876,rebounding,1,243,364,9754,101.87,sam2,1.0,2996.766,45.665
877,rebounding,1,243,364,9783,102.17,sam2,0.0,0.0,0.0
878,rebounding,1,244,368,9484,99.05,sam2,4.123,12355.985,188.282
879,rebounding,1,242,364,9835,102.72,sam2,4.472,13401.947,204.22
880,rebounding,1,242,364,9733,101.65,sam2,0.0,0.0,0.0
881,rebounding,1,242,364,9692,101.22,sam2,0.0,0.0,0.0
882,rebounding,1,242,364,9798,102.33,sam2,0.0,0.0,0.0
883,rebounding,1,242,365,9697,101.27,sam2,1.0,2996.766,45.665
884,rebounding,1,242,365,9667,100.96,sam2,0.0,0.0,0.0
885,rebounding,1,241,365,9641,100.69,sam2,1.0,2996.766,45.665
886,rebounding,1,241,365,9574,99.99,sam2,0.0,0.0,0.0
887,rebounding,1,242,366,9613,100.4,sam2,1.414,4238.068,64.58
888,rebounding,1,241,366,9451,98.7,sam2,1.0,2996.766,45.665
889,rebounding,1,241,366,9505,99.27,sam2,0.0,0.0,0.0
890,rebounding,1,241,367,9432,98.51,sam2,1.0,2996.766,45.665
891,rebounding,1,241,368,9384,98.01,sam2,1.0,2996.766,45.665
892,rebounding,1,241,368,9223,96.32,sam2,0.0,0.0,0.0
893,rebounding,1,241,369,9282,96.94,sam2,1.0,2996.766,45.665
894,rebounding,1,241,369,9309,97.22,sam2,0.0,0.0,0.0
895,rebounding,1,241,369,9214,96.23,sam2,0.0,0.0,0.0
896,rebounding,1,241,370,9290,97.02,sam2,1.0,2996.766,45.665
897,rebounding,1,241,369,9197,96.05,sam2,1.0,2996.766,45.665
898,rebounding,1,241,369,9083,94.86,sam2,0.0,0.0,0.0
899,rebounding,1,241,370,9171,95.78,sam2,1.0,2996.766,45.665
900,rebounding,1,241,370,9103,95.07,sam2,0.0,0.0,0.0
901,rebounding,1,241,370,9181,95.89,sam2,0.0,0.0,0.0
902,rebounding,1,242,369,9101,95.05,sam2,1.414,4238.068,64.58
903,rebounding,1,242,369,9169,95.76,sam2,0.0,0.0,0.0
904,rebounding,1,242,368,9178,95.85,sam2,1.0,2996.766,45.665
905,rebounding,1,242,368,9298,97.11,sam2,0.0,0.0,0.0
906,rebounding,1,242,367,9448,98.67,sam2,1.0,2996.766,45.665
907,rebounding,1,242,367,9509,99.31,sam2,0.0,0.0,0.0
908,rebounding,1,242,366,9574,99.99,sam2,1.0,2996.766,45.665
909,rebounding,1,242,366,9605,100.31,sam2,0.0,0.0,0.0
910,rebounding,1,242,366,9575,100.0,sam2,0.0,0.0,0.0
911,rebounding,1,242,365,9703,101.34,sam2,1.0,2996.766,45.665
912,rebounding,1,243,364,9741,101.73,sam2,1.414,4238.068,64.58
913,rebounding,1,243,364,9755,101.88,sam2,0.0,0.0,0.0
914,rebounding,1,243,364,9866,103.04,sam2,0.0,0.0,0.0
915,rebounding,1,243,363,9720,101.51,sam2,1.0,2996.766,45.665
916,rebounding,1,243,363,9708,101.39,sam2,0.0,0.0,0.0
917,rebounding,1,244,363,9596,100.22,sam2,1.0,2996.766,45.665
918,rebounding,1,244,364,9706,101.37,sam2,1.0,2996.766,45.665
919,rebounding,1,244,364,9655,100.84,sam2,0.0,0.0,0.0
920,rebounding,1,244,364,9534,99.57,sam2,0.0,0.0,0.0
921,rebounding,1,245,364,9563,99.87,sam2,1.0,2996.766,45.665
922,rebounding,1,245,364,9507,99.29,sam2,0.0,0.0,0.0
923,rebounding,1,245,365,9442,98.61,sam2,1.0,2996.766,45.665
924,rebounding,1,245,366,9252,96.63,sam2,1.0,2996.766,45.665
925,rebounding,1,245,366,9352,97.67,sam2,0.0,0.0,0.0
926,rebounding,1,245,367,9437,98.56,sam2,1.0,2996.766,45.665
927,rebounding,1,245,367,9216,96.25,sam2,0.0,0.0,0.0
928,rebounding,1,246,368,9274,96.86,sam2,1.414,4238.068,64.58
929,rebounding,1,246,369,9316,97.3,sam2,1.0,2996.766,45.665
930,rebounding,1,246,369,9215,96.24,sam2,0.0,0.0,0.0
931,rebounding,1,246,369,9211,96.2,sam2,0.0,0.0,0.0
932,rebounding,1,246,370,9215,96.24,sam2,1.0,2996.766,45.665
933,rebounding,1,246,370,9240,96.5,sam2,0.0,0.0,0.0
934,rebounding,1,246,370,9168,95.75,sam2,0.0,0.0,0.0
935,rebounding,1,247,370,9143,95.49,sam2,1.0,2996.766,45.665
936,rebounding,1,246,370,9241,96.51,sam2,1.0,2996.766,45.665
937,rebounding,1,247,370,9261,96.72,sam2,1.0,2996.766,45.665
938,rebounding,1,247,369,9340,97.55,sam2,1.0,2996.766,45.665
939,rebounding,1,247,369,9175,95.82,sam2,0.0,0.0,0.0
940,rebounding,1,247,369,9348,97.63,sam2,0.0,0.0,0.0
941,rebounding,1,247,369,9447,98.66,sam2,0.0,0.0,0.0
942,rebounding,1,247,368,9419,98.37,sam2,1.0,2996.766,45.665
943,rebounding,1,247,367,9350,97.65,sam2,1.0,2996.766,45.665
944,rebounding,1,247,367,9482,99.03,sam2,0.0,0.0,0.0
945,rebounding,1,247,366,9443,98.62,sam2,1.0,2996.766,45.665
946,rebounding,1,247,365,9597,100.23,sam2,1.0,2996.766,45.665
947,rebounding,1,247,365,9628,100.55,sam2,0.0,0.0,0.0
948,rebounding,1,248,365,9676,101.05,sam2,1.0,2996.766,45.665
949,rebounding,1,247,364,9750,101.83,sam2,1.414,4238.068,64.58
950,rebounding,1,247,364,9855,102.92,sam2,0.0,0.0,0.0
951,rebounding,1,247,364,9793,102.28,sam2,0.0,0.0,0.0
952,rebounding,1,247,364,9706,101.37,sam2,0.0,0.0,0.0
953,rebounding,1,247,364,9818,102.54,sam2,0.0,0.0,0.0
954,rebounding,1,247,364,9771,102.05,sam2,0.0,0.0,0.0
955,rebounding,1,246,363,9856,102.93,sam2,1.414,4238.068,64.58
956,rebounding,1,246,364,9800,102.35,sam2,1.0,2996.766,45.665
957,rebounding,1,246,364,9763,101.96,sam2,0.0,0.0,0.0
958,rebounding,1,246,364,9665,100.94,sam2,0.0,0.0,0.0
959,rebounding,1,246,365,9686,101.16,sam2,1.0,2996.766,45.665
960,rebounding,1,246,366,9566,99.91,sam2,1.0,2996.766,45.665
961,rebounding,1,245,365,9471,98.91,sam2,1.414,4238.068,64.58
962,rebounding,1,245,367,9604,100.3,sam2,2.0,5993.533,91.33
963,rebounding,1,245,367,9436,98.55,sam2,0.0,0.0,0.0
964,rebounding,1,245,367,9237,96.47,sam2,0.0,0.0,0.0
965,rebounding,1,245,368,9377,97.93,sam2,1.0,2996.766,45.665
966,rebounding,1,245,368,9316,97.3,sam2,0.0,0.0,0.0
967,rebounding,1,244,369,9342,97.57,sam2,1.414,4238.068,64.58
968,rebounding,1,244,369,9205,96.14,sam2,0.0,0.0,0.0
969,rebounding,1,244,369,9238,96.48,sam2,0.0,0.0,0.0
970,rebounding,1,243,369,9175,95.82,sam2,1.0,2996.766,45.665
971,rebounding,1,243,369,9204,96.13,sam2,0.0,0.0,0.0
972,rebounding,1,243,370,9177,95.84,sam2,1.0,2996.766,45.665
973,rebounding,1,243,370,9365,97.81,sam2,0.0,0.0,0.0
974,rebounding,1,242,368,9249,96.6,sam2,2.236,6700.974,102.11
975,rebounding,1,242,369,9366,97.82,sam2,1.0,2996.766,45.665
976,rebounding,1,242,369,9366,97.82,sam2,0.0,0.0,0.0
977,rebounding,1,242,368,9376,97.92,sam2,1.0,2996.766,45.665
978,rebounding,1,242,368,9451,98.7,sam2,0.0,0.0,0.0
979,rebounding,1,242,368,9413,98.31,sam2,0.0,0.0,0.0
980,rebounding,1,241,367,9448,98.67,sam2,1.414,4238.068,64.58
981,rebounding,1,241,366,9608,100.34,sam2,1.0,2996.766,45.665
982,rebounding,1,241,366,9655,100.84,sam2,0.0,0.0,0.0
983,rebounding,1,241,366,9578,100.03,sam2,0.0,0.0,0.0
984,rebounding,1,241,365,9672,101.01,sam2,1.0,2996.766,45.665
985,rebounding,1,241,365,9657,100.86,sam2,0.0,0.0,0.0
986,rebounding,1,241,364,9631,100.58,sam2,1.0,2996.766,45.665
987,rebounding,1,241,364,9667,100.96,sam2,0.0,0.0,0.0
988,rebounding,1,241,364,9805,102.4,sam2,0.0,0.0,0.0
989,rebounding,1,241,364,9668,100.97,sam2,0.0,0.0,0.0
990,rebounding,1,241,364,9663,100.92,sam2,0.0,0.0,0.0
991,rebounding,1,241,364,9662,100.91,sam2,0.0,0.0,0.0
992,rebounding,1,241,364,9760,101.93,sam2,0.0,0.0,0.0
993,rebounding,1,241,364,9748,101.81,sam2,0.0,0.0,0.0
994,rebounding,1,241,364,9638,100.66,sam2,0.0,0.0,0.0
995,rebounding,1,241,365,9551,99.75,sam2,1.0,2996.766,45.665
996,rebounding,1,241,366,9642,100.7,sam2,1.0,2996.766,45.665
997,rebounding,1,241,365,9582,100.07,sam2,1.0,2996.766,45.665
998,rebounding,1,241,367,9583,100.08,sam2,2.0,5993.533,91.33
999,rebounding,1,241,367,9378,97.94,sam2,0.0,0.0,0.0
1000,rebounding,1,242,367,9293,97.05,sam2,1.0,2996.766,45.665
1001,rebounding,1,242,368,9265,96.76,sam2,1.0,2996.766,45.665
1002,rebounding,1,242,368,9288,97.0,sam2,0.0,0.0,0.0
1003,rebounding,1,242,369,9341,97.56,sam2,1.0,2996.766,45.665
1004,rebounding,1,242,369,9268,96.79,sam2,0.0,0.0,0.0
1005,rebounding,1,242,369,9231,96.41,sam2,0.0,0.0,0.0
1006,rebounding,1,243,369,9080,94.83,sam2,1.0,2996.766,45.665
1007,rebounding,1,242,370,9220,96.29,sam2,1.414,4238.068,64.58
1008,rebounding,1,243,370,9201,96.09,sam2,1.0,2996.766,45.665
1009,rebounding,1,243,370,9086,94.89,sam2,0.0,0.0,0.0
1010,rebounding,1,243,370,9206,96.15,sam2,0.0,0.0,0.0
1011,rebounding,1,244,370,9254,96.65,sam2,1.0,2996.766,45.665
1012,rebounding,1,244,369,9255,96.66,sam2,1.0,2996.766,45.665
1013,rebounding,1,245,369,9988,104.31,sam2,1.0,2996.766,45.665
1014,rebounding,1,245,369,9397,98.14,sam2,0.0,0.0,0.0
1015,rebounding,1,245,368,9406,98.23,sam2,1.0,2996.766,45.665
1016,rebounding,1,245,367,9395,98.12,sam2,1.0,2996.766,45.665
1017,rebounding,1,245,367,9433,98.52,sam2,0.0,0.0,0.0
1018,rebounding,1,245,366,9540,99.63,sam2,1.0,2996.766,45.665
1019,rebounding,1,245,366,9698,101.28,sam2,0.0,0.0,0.0
1020,rebounding,1,246,366,9564,99.89,sam2,1.0,2996.766,45.665
1021,rebounding,1,246,366,9704,101.35,sam2,0.0,0.0,0.0
1022,rebounding,1,246,365,9688,101.18,sam2,1.0,2996.766,45.665
1023,rebounding,1,246,365,9664,100.93,sam2,0.0,0.0,0.0
1024,rebounding,1,247,364,9704,101.35,sam2,1.414,4238.068,64.58
1025,rebounding,1,247,365,9678,101.08,sam2,1.0,2996.766,45.665
1026,rebounding,1,247,365,9781,102.15,sam2,0.0,0.0,0.0
1027,rebounding,1,247,364,9721,101.52,sam2,1.0,2996.766,45.665
1028,rebounding,1,247,364,9643,100.71,sam2,0.0,0.0,0.0
1029,rebounding,1,247,365,9700,101.31,sam2,1.0,2996.766,45.665
1030,rebounding,1,247,365,9633,100.61,sam2,0.0,0.0,0.0
1031,rebounding,1,247,365,9646,100.74,sam2,0.0,0.0,0.0
1032,rebounding,1,247,365,9547,99.71,sam2,0.0,0.0,0.0
1033,rebounding,1,247,366,9422,98.4,sam2,1.0,2996.766,45.665
1034,rebounding,1,247,367,9555,99.79,sam2,1.0,2996.766,45.665
1035,rebounding,1,247,366,9429,98.48,sam2,1.0,2996.766,45.665
1036,rebounding,1,247,367,9522,99.45,sam2,1.0,2996.766,45.665
1037,rebounding,1,247,367,9342,97.57,sam2,0.0,0.0,0.0
1038,rebounding,1,247,368,9493,99.14,sam2,1.0,2996.766,45.665
1039,rebounding,1,248,369,9255,96.66,sam2,1.414,4238.068,64.58
1040,rebounding,1,247,370,9350,97.65,sam2,1.414,4238.068,64.58
1041,rebounding,1,247,370,9315,97.28,sam2,0.0,0.0,0.0
1042,rebounding,1,247,369,9134,95.39,sam2,1.0,2996.766,45.665
1043,rebounding,1,247,370,9294,97.07,sam2,1.0,2996.766,45.665
1044,rebounding,1,247,370,9210,96.19,sam2,0.0,0.0,0.0
1045,rebounding,1,247,370,9205,96.14,sam2,0.0,0.0,0.0
1046,rebounding,1,247,369,9048,94.5,sam2,1.0,2996.766,45.665
1047,rebounding,1,246,369,9249,96.6,sam2,1.0,2996.766,45.665
1048,rebounding,1,246,369,9347,97.62,sam2,0.0,0.0,0.0
1049,rebounding,1,247,369,9306,97.19,sam2,1.0,2996.766,45.665
1050,rebounding,1,246,368,9300,97.13,sam2,1.414,4238.068,64.58
1051,rebounding,1,246,368,9437,98.56,sam2,0.0,0.0,0.0
1052,rebounding,1,246,368,9469,98.89,sam2,0.0,0.0,0.0
1053,rebounding,1,246,368,9557,99.81,sam2,0.0,0.0,0.0
1054,rebounding,1,245,367,9474,98.95,sam2,1.414,4238.068,64.58
1055,rebounding,1,245,366,9615,100.42,sam2,1.0,2996.766,45.665
1056,rebounding,1,245,366,9589,100.15,sam2,0.0,0.0,0.0
1057,rebounding,1,245,366,9684,101.14,sam2,0.0,0.0,0.0
1058,rebounding,1,245,365,9550,99.74,sam2,1.0,2996.766,45.665
1059,rebounding,1,244,365,9710,101.41,sam2,1.0,2996.766,45.665
1060,rebounding,1,244,365,9808,102.43,sam2,0.0,0.0,0.0
1061,rebounding,1,244,364,9664,100.93,sam2,1.0,2996.766,45.665
1062,rebounding,1,244,364,9657,100.86,sam2,0.0,0.0,0.0
1063,rebounding,1,244,364,9794,102.29,sam2,0.0,0.0,0.0
1064,rebounding,1,243,364,9743,101.75,sam2,1.0,2996.766,45.665
1065,rebounding,1,243,364,9695,101.25,sam2,0.0,0.0,0.0
1066,rebounding,1,243,364,9602,100.28,sam2,0.0,0.0,0.0
1067,rebounding,1,243,365,9665,100.94,sam2,1.0,2996.766,45.665
1068,rebounding,1,243,366,9685,101.15,sam2,1.0,2996.766,45.665
1069,rebounding,1,243,365,9531,99.54,sam2,1.0,2996.766,45.665
1070,rebounding,1,243,366,9525,99.48,sam2,1.0,2996.766,45.665
1071,rebounding,1,242,366,9522,99.45,sam2,1.0,2996.766,45.665
1072,rebounding,1,242,367,9337,97.51,sam2,1.0,2996.766,45.665
1073,rebounding,1,242,367,9354,97.69,sam2,0.0,0.0,0.0
1074,rebounding,1,242,368,9446,98.65,sam2,1.0,2996.766,45.665
1075,rebounding,1,242,368,9370,97.86,sam2,0.0,0.0,0.0
1076,rebounding,1,242,369,9333,97.47,sam2,1.0,2996.766,45.665
1077,rebounding,1,242,369,9335,97.49,sam2,0.0,0.0,0.0
1078,rebounding,1,241,369,9278,96.9,sam2,1.0,2996.766,45.665
1079,rebounding,1,242,370,9342,97.57,sam2,1.414,4238.068,64.58
1080,rebounding,1,241,369,9199,96.07,sam2,1.414,4238.068,64.58
1081,rebounding,1,241,370,9169,95.76,sam2,1.0,2996.766,45.665
1082,rebounding,1,242,370,9295,97.08,sam2,1.0,2996.766,45.665
1083,rebounding,1,241,369,9326,97.4,sam2,1.414,4238.068,64.58
1084,rebounding,1,241,369,9291,97.03,sam2,0.0,0.0,0.0
1085,rebounding,1,241,369,9307,97.2,sam2,0.0,0.0,0.0
1086,rebounding,1,241,369,9365,97.81,sam2,0.0,0.0,0.0
1087,rebounding,1,241,368,9393,98.1,sam2,1.0,2996.766,45.665
1088,rebounding,1,241,368,9366,97.82,sam2,0.0,0.0,0.0
1089,rebounding,1,241,367,9341,97.56,sam2,1.0,2996.766,45.665
1090,rebounding,1,241,367,9467,98.87,sam2,0.0,0.0,0.0
1091,rebounding,1,241,366,9620,100.47,sam2,1.0,2996.766,45.665
1092,rebounding,1,242,366,9474,98.95,sam2,1.0,2996.766,45.665
1093,rebounding,1,242,366,9566,99.91,sam2,0.0,0.0,0.0
1094,rebounding,1,242,365,9508,99.3,sam2,1.0,2996.766,45.665
1095,rebounding,1,242,365,9649,100.77,sam2,0.0,0.0,0.0
1096,rebounding,1,242,364,9692,101.22,sam2,1.0,2996.766,45.665
1097,rebounding,1,242,364,9644,100.72,sam2,0.0,0.0,0.0
1098,rebounding,1,242,364,9704,101.35,sam2,0.0,0.0,0.0
1099,rebounding,1,242,364,9638,100.66,sam2,0.0,0.0,0.0
1100,rebounding,1,242,364,9724,101.56,sam2,0.0,0.0,0.0
1101,rebounding,1,243,364,9739,101.71,sam2,1.0,2996.766,45.665
1102,rebounding,1,243,364,9650,100.78,sam2,0.0,0.0,0.0
1103,rebounding,1,243,364,9535,99.58,sam2,0.0,0.0,0.0
1104,rebounding,1,243,365,9648,100.76,sam2,1.0,2996.766,45.665
1105,rebounding,1,243,365,9483,99.04,sam2,0.0,0.0,0.0
1106,rebounding,1,243,365,9446,98.65,sam2,0.0,0.0,0.0
1107,rebounding,1,243,366,9337,97.51,sam2,1.0,2996.766,45.665
1108,rebounding,1,244,366,9403,98.2,sam2,1.0,2996.766,45.665
1109,rebounding,1,244,367,9305,97.18,sam2,1.0,2996.766,45.665
1110,rebounding,1,244,367,9203,96.11,sam2,0.0,0.0,0.0
1111,rebounding,1,244,368,9196,96.04,sam2,1.0,2996.766,45.665
1112,rebounding,1,244,368,9184,95.92,sam2,0.0,0.0,0.0
1113,rebounding,1,245,368,9176,95.83,sam2,1.0,2996.766,45.665
1114,rebounding,1,245,369,9162,95.69,sam2,1.0,2996.766,45.665
1115,rebounding,1,245,369,9215,96.24,sam2,0.0,0.0,0.0
1116,rebounding,1,246,370,9247,96.57,sam2,1.414,4238.068,64.58
1117,rebounding,1,245,369,9134,95.39,sam2,1.414,4238.068,64.58
1118,rebounding,1,245,369,9111,95.15,sam2,0.0,0.0,0.0
1119,rebounding,1,246,370,9211,96.2,sam2,1.414,4238.068,64.58
1120,rebounding,1,246,369,9134,95.39,sam2,1.0,2996.766,45.665
1121,rebounding,1,246,369,9112,95.16,sam2,0.0,0.0,0.0
1122,rebounding,1,246,369,9213,96.22,sam2,0.0,0.0,0.0
1123,rebounding,1,247,368,9363,97.79,sam2,1.414,4238.068,64.58
1124,rebounding,1,247,368,9211,96.2,sam2,0.0,0.0,0.0
1125,rebounding,1,247,367,9383,97.99,sam2,1.0,2996.766,45.665
1126,rebounding,1,247,367,9508,99.3,sam2,0.0,0.0,0.0
1127,rebounding,1,247,367,9428,98.46,sam2,0.0,0.0,0.0
1128,rebounding,1,247,366,9421,98.39,sam2,1.0,2996.766,45.665
1129,rebounding,1,247,366,9587,100.13,sam2,0.0,0.0,0.0
1130,rebounding,1,247,366,9583,100.08,sam2,0.0,0.0,0.0
1131,rebounding,1,247,365,9524,99.47,sam2,1.0,2996.766,45.665
1132,rebounding,1,247,366,9652,100.8,sam2,1.0,2996.766,45.665
1133,rebounding,1,247,365,9594,100.2,sam2,1.0,2996.766,45.665
1134,rebounding,1,247,364,9500,99.22,sam2,1.0,2996.766,45.665
1135,rebounding,1,247,364,9633,100.61,sam2,0.0,0.0,0.0
1136,rebounding,1,247,365,9555,99.79,sam2,1.0,2996.766,45.665
1137,rebounding,1,247,365,9686,101.16,sam2,0.0,0.0,0.0
1138,rebounding,1,247,365,9653,100.81,sam2,0.0,0.0,0.0
1139,rebounding,1,247,365,9583,100.08,sam2,0.0,0.0,0.0
1140,rebounding,1,247,365,9650,100.78,sam2,0.0,0.0,0.0
1141,rebounding,1,247,365,9478,98.99,sam2,0.0,0.0,0.0
1142,rebounding,1,247,365,9542,99.66,sam2,0.0,0.0,0.0
1143,rebounding,1,247,366,9454,98.74,sam2,1.0,2996.766,45.665
1144,rebounding,1,246,366,9546,99.7,sam2,1.0,2996.766,45.665
1145,rebounding,1,246,367,9540,99.63,sam2,1.0,2996.766,45.665
1146,rebounding,1,246,367,9437,98.56,sam2,0.0,0.0,0.0
1147,rebounding,1,246,368,9286,96.98,sam2,1.0,2996.766,45.665
1148,rebounding,1,246,368,9278,96.9,sam2,0.0,0.0,0.0
1149,rebounding,1,245,368,9254,96.65,sam2,1.0,2996.766,45.665
1150,rebounding,1,245,369,9227,96.37,sam2,1.0,2996.766,45.665
1151,rebounding,1,245,368,9167,95.74,sam2,1.0,2996.766,45.665
1152,rebounding,1,245,369,9310,97.23,sam2,1.0,2996.766,45.665
1153,rebounding,1,245,369,9228,96.38,sam2,0.0,0.0,0.0
1154,rebounding,1,245,369,9220,96.29,sam2,0.0,0.0,0.0
1155,rebounding,1,245,369,9304,97.17,sam2,0.0,0.0,0.0
1156,rebounding,1,244,369,9258,96.69,sam2,1.0,2996.766,45.665
1157,rebounding,1,244,369,9409,98.27,sam2,0.0,0.0,0.0
1158,rebounding,1,244,369,9332,97.46,sam2,0.0,0.0,0.0
1159,rebounding,1,244,369,9335,97.49,sam2,0.0,0.0,0.0
1160,rebounding,1,243,368,9303,97.16,sam2,1.414,4238.068,64.58
1161,rebounding,1,243,368,9278,96.9,sam2,0.0,0.0,0.0
1162,rebounding,1,243,367,9420,98.38,sam2,1.0,2996.766,45.665
1163,rebounding,1,243,367,9604,100.3,sam2,0.0,0.0,0.0
1164,rebounding,1,243,366,9587,100.13,sam2,1.0,2996.766,45.665
1165,rebounding,1,243,366,9628,100.55,sam2,0.0,0.0,0.0
1166,rebounding,1,242,365,9662,100.91,sam2,1.414,4238.068,64.58
1167,rebounding,1,242,366,9542,99.66,sam2,1.0,2996.766,45.665
1168,rebounding,1,242,366,9652,100.8,sam2,0.0,0.0,0.0
1169,rebounding,1,242,365,9765,101.98,sam2,1.0,2996.766,45.665
1170,rebounding,1,241,364,9742,101.74,sam2,1.414,4238.068,64.58
1171,rebounding,1,241,364,9729,101.61,sam2,0.0,0.0,0.0
1172,rebounding,1,241,364,9681,101.11,sam2,0.0,0.0,0.0
1173,rebounding,1,242,365,9758,101.91,sam2,1.414,4238.068,64.58
1174,rebounding,1,241,364,9732,101.64,sam2,1.414,4238.068,64.58
1175,rebounding,1,241,365,9561,99.85,sam2,1.0,2996.766,45.665
1176,rebounding,1,241,365,9614,100.41,sam2,0.0,0.0,0.0
1177,rebounding,1,241,365,9558,99.82,sam2,0.0,0.0,0.0
1178,rebounding,1,241,365,9554,99.78,sam2,0.0,0.0,0.0
1179,rebounding,1,241,366,9640,100.68,sam2,1.0,2996.766,45.665
1180,rebounding,1,241,366,9555,99.79,sam2,0.0,0.0,0.0
1181,rebounding,1,241,366,9459,98.79,sam2,0.0,0.0,0.0
1182,rebounding,1,241,367,9501,99.23,sam2,1.0,2996.766,45.665
1183,rebounding,1,241,368,9178,95.85,sam2,1.0,2996.766,45.665
1184,rebounding,1,241,368,9466,98.86,sam2,0.0,0.0,0.0
1185,rebounding,1,241,369,9501,99.23,sam2,1.0,2996.766,45.665
1186,rebounding,1,241,368,9317,97.31,sam2,1.0,2996.766,45.665
1187,rebounding,1,241,368,9310,97.23,sam2,0.0,0.0,0.0
1188,rebounding,1,241,369,9288,97.0,sam2,1.0,2996.766,45.665
1189,rebounding,1,242,369,9362,97.78,sam2,1.0,2996.766,45.665
1190,rebounding,1,242,369,9116,95.21,sam2,0.0,0.0,0.0
1191,rebounding,1,242,369,9189,95.97,sam2,0.0,0.0,0.0
1192,rebounding,1,242,369,9164,95.71,sam2,0.0,0.0,0.0
1193,rebounding,1,242,369,9169,95.76,sam2,0.0,0.0,0.0
1194,rebounding,1,243,369,9335,97.49,sam2,1.0,2996.766,45.665
1195,rebounding,1,243,368,9315,97.28,sam2,1.0,2996.766,45.665
1196,rebounding,1,243,369,9362,97.78,sam2,1.0,2996.766,45.665
1197,rebounding,1,243,368,9346,97.61,sam2,1.0,2996.766,45.665
1198,rebounding,1,243,368,9415,98.33,sam2,0.0,0.0,0.0
1199,rebounding,1,243,367,9498,99.2,sam2,1.0,2996.766,45.665
1200,rebounding,1,243,367,9418,98.36,sam2,0.0,0.0,0.0
1201,rebounding,1,244,366,9439,98.58,sam2,1.414,4238.068,64.58
1202,rebounding,1,244,365,9526,99.49,sam2,1.0,2996.766,45.665
1203,rebounding,1,244,366,9639,100.67,sam2,1.0,2996.766,45.665
1204,rebounding,1,244,365,9744,101.77,sam2,1.0,2996.766,45.665
1205,rebounding,1,244,365,9668,100.97,sam2,0.0,0.0,0.0
1206,rebounding,1,245,365,9615,100.42,sam2,1.0,2996.766,45.665
1207,rebounding,1,245,365,9659,100.88,sam2,0.0,0.0,0.0
1208,rebounding,1,245,364,9643,100.71,sam2,1.0,2996.766,45.665
1209,rebounding,1,245,364,9648,100.76,sam2,0.0,0.0,0.0
1210,rebounding,1,245,365,9744,101.77,sam2,1.0,2996.766,45.665
1211,rebounding,1,246,365,9583,100.08,sam2,1.0,2996.766,45.665
1212,rebounding,1,246,365,9626,100.53,sam2,0.0,0.0,0.0
1213,rebounding,1,246,365,9541,99.64,sam2,0.0,0.0,0.0
1214,rebounding,1,246,365,9547,99.71,sam2,0.0,0.0,0.0
1215,rebounding,1,246,366,9451,98.7,sam2,1.0,2996.766,45.665
1216,rebounding,1,246,366,9541,99.64,sam2,0.0,0.0,0.0
1217,rebounding,1,246,367,9417,98.35,sam2,1.0,2996.766,45.665
1218,rebounding,1,246,367,9496,99.17,sam2,0.0,0.0,0.0
1219,rebounding,1,247,368,9316,97.3,sam2,1.414,4238.068,64.58
1220,rebounding,1,246,367,9318,97.32,sam2,1.414,4238.068,64.58
1221,rebounding,1,247,369,9286,96.98,sam2,2.236,6700.974,102.11
1222,rebounding,1,247,368,9176,95.83,sam2,1.0,2996.766,45.665
1223,rebounding,1,247,369,9182,95.9,sam2,1.0,2996.766,45.665
1224,rebounding,1,247,369,9227,96.37,sam2,0.0,0.0,0.0
1225,rebounding,1,247,369,9184,95.92,sam2,0.0,0.0,0.0
1226,rebounding,1,247,369,9106,95.1,sam2,0.0,0.0,0.0
1227,rebounding,1,247,369,9226,96.36,sam2,0.0,0.0,0.0
1228,rebounding,1,247,369,9180,95.87,sam2,0.0,0.0,0.0
1229,rebounding,1,247,370,9271,96.83,sam2,1.0,2996.766,45.665
1230,rebounding,1,247,369,9240,96.5,sam2,1.0,2996.766,45.665
1231,rebounding,1,247,370,9275,96.87,sam2,1.0,2996.766,45.665
1232,rebounding,1,247,368,9235,96.45,sam2,2.0,5993.533,91.33
1233,rebounding,1,247,368,9403,98.2,sam2,0.0,0.0,0.0
1234,rebounding,1,247,368,9446,98.65,sam2,0.0,0.0,0.0
1235,rebounding,1,247,368,9343,97.58,sam2,0.0,0.0,0.0
1236,rebounding,1,247,367,9454,98.74,sam2,1.0,2996.766,45.665
1237,rebounding,1,247,367,9418,98.36,sam2,0.0,0.0,0.0
1238,rebounding,1,247,366,9563,99.87,sam2,1.0,2996.766,45.665
1239,rebounding,1,246,366,9576,100.01,sam2,1.0,2996.766,45.665
1240,rebounding,1,246,365,9577,100.02,sam2,1.0,2996.766,45.665
1241,rebounding,1,246,366,9649,100.77,sam2,1.0,2996.766,45.665
1242,rebounding,1,246,365,9682,101.12,sam2,1.0,2996.766,45.665
1243,rebounding,1,246,365,9600,100.26,sam2,0.0,0.0,0.0
1244,rebounding,1,246,365,9602,100.28,sam2,0.0,0.0,0.0
1245,rebounding,1,246,365,9701,101.32,sam2,0.0,0.0,0.0
1246,rebounding,1,246,365,9664,100.93,sam2,0.0,0.0,0.0
1247,rebounding,1,245,365,9787,102.21,sam2,1.0,2996.766,45.665
1248,rebounding,1,245,365,9667,100.96,sam2,0.0,0.0,0.0
1249,rebounding,1,245,365,9613,100.4,sam2,0.0,0.0,0.0
1250,rebounding,1,245,365,9565,99.9,sam2,0.0,0.0,0.0
1251,rebounding,1,244,366,9686,101.16,sam2,1.414,4238.068,64.58
1252,rebounding,1,244,365,9506,99.28,sam2,1.0,2996.766,45.665
1253,rebounding,1,244,366,9537,99.6,sam2,1.0,2996.766,45.665
1254,rebounding,1,244,367,9535,99.58,sam2,1.0,2996.766,45.665
1255,rebounding,1,244,367,9408,98.26,sam2,0.0,0.0,0.0
1256,rebounding,1,243,368,9345,97.6,sam2,1.414,4238.068,64.58
1257,rebounding,1,243,368,9414,98.32,sam2,0.0,0.0,0.0
1258,rebounding,1,243,368,9338,97.52,sam2,0.0,0.0,0.0
1259,rebounding,1,243,368,9306,97.19,sam2,0.0,0.0,0.0
1260,rebounding,1,242,368,9302,97.15,sam2,1.0,2996.766,45.665
1261,rebounding,1,242,369,9342,97.57,sam2,1.0,2996.766,45.665
1262,rebounding,1,243,369,9326,97.4,sam2,1.0,2996.766,45.665
1263,rebounding,1,242,369,9320,97.34,sam2,1.0,2996.766,45.665
1264,rebounding,1,242,369,9282,96.94,sam2,0.0,0.0,0.0
1265,rebounding,1,242,369,9227,96.37,sam2,0.0,0.0,0.0
1266,rebounding,1,242,369,9459,98.79,sam2,0.0,0.0,0.0
1267,rebounding,1,242,369,9326,97.4,sam2,0.0,0.0,0.0
1268,rebounding,1,242,369,9358,97.73,sam2,0.0,0.0,0.0
1269,rebounding,1,241,367,9348,97.63,sam2,2.236,6700.974,102.11
1270,rebounding,1,242,368,9289,97.01,sam2,1.414,4238.068,64.58
1271,rebounding,1,241,367,9310,97.23,sam2,1.414,4238.068,64.58
1272,rebounding,1,241,367,9567,99.92,sam2,0.0,0.0,0.0
1273,rebounding,1,242,367,9436,98.55,sam2,1.0,2996.766,45.665
1274,rebounding,1,241,366,9482,99.03,sam2,1.414,4238.068,64.58
1275,rebounding,1,241,366,9605,100.31,sam2,0.0,0.0,0.0
1276,rebounding,1,241,366,9616,100.43,sam2,0.0,0.0,0.0
1277,rebounding,1,241,365,9607,100.33,sam2,1.0,2996.766,45.665
1278,rebounding,1,241,365,9743,101.75,sam2,0.0,0.0,0.0
1279,rebounding,1,241,364,9627,100.54,sam2,1.0,2996.766,45.665
1280,rebounding,1,241,365,9624,100.51,sam2,1.0,2996.766,45.665
1281,rebounding,1,241,365,9589,100.15,sam2,0.0,0.0,0.0
1282,rebounding,1,241,364,9652,100.8,sam2,1.0,2996.766,45.665
1283,rebounding,1,241,364,9589,100.15,sam2,0.0,0.0,0.0
1284,rebounding,1,241,364,9539,99.62,sam2,0.0,0.0,0.0
1285,rebounding,1,242,364,9564,99.89,sam2,1.0,2996.766,45.665
1286,rebounding,1,242,365,9450,98.69,sam2,1.0,2996.766,45.665
1287,rebounding,1,242,365,9556,99.8,sam2,0.0,0.0,0.0
1288,rebounding,1,242,365,9512,99.34,sam2,0.0,0.0,0.0
1289,rebounding,1,242,365,9434,98.53,sam2,0.0,0.0,0.0
1290,rebounding,1,242,366,9403,98.2,sam2,1.0,2996.766,45.665
1291,rebounding,1,242,366,9390,98.07,sam2,0.0,0.0,0.0
1292,rebounding,1,243,367,9431,98.5,sam2,1.414,4238.068,64.58
1293,rebounding,1,243,367,9331,97.45,sam2,0.0,0.0,0.0
1294,rebounding,1,243,368,9234,96.44,sam2,1.0,2996.766,45.665
1295,rebounding,1,243,368,9330,97.44,sam2,0.0,0.0,0.0
1296,rebounding,1,243,368,9417,98.35,sam2,0.0,0.0,0.0
1297,rebounding,1,243,368,9229,96.39,sam2,0.0,0.0,0.0
1298,rebounding,1,244,369,9253,96.64,sam2,1.414,4238.068,64.58
1299,rebounding,1,244,369,9246,96.56,sam2,0.0,0.0,0.0
1300,rebounding,1,244,369,9158,95.64,sam2,0.0,0.0,0.0
1301,rebounding,1,244,369,9189,95.97,sam2,0.0,0.0,0.0
1302,rebounding,1,244,369,9178,95.85,sam2,0.0,0.0,0.0
1303,rebounding,1,245,369,9334,97.48,sam2,1.0,2996.766,45.665
1304,rebounding,1,245,368,9159,95.66,sam2,1.0,2996.766,45.665
1305,rebounding,1,245,368,9245,96.55,sam2,0.0,0.0,0.0
1306,rebounding,1,245,368,9163,95.7,sam2,0.0,0.0,0.0
1307,rebounding,1,245,367,9304,97.17,sam2,1.0,2996.766,45.665
1308,rebounding,1,246,367,9337,97.51,sam2,1.0,2996.766,45.665
1309,rebounding,1,246,366,9450,98.69,sam2,1.0,2996.766,45.665
1310,rebounding,1,246,367,9487,99.08,sam2,1.0,2996.766,45.665
1311,rebounding,1,246,366,9506,99.28,sam2,1.0,2996.766,45.665
1312,rebounding,1,246,365,9469,98.89,sam2,1.0,2996.766,45.665
1313,rebounding,1,247,365,9523,99.46,sam2,1.0,2996.766,45.665
1314,rebounding,1,247,366,9645,100.73,sam2,1.0,2996.766,45.665
1315,rebounding,1,247,365,9624,100.51,sam2,1.0,2996.766,45.665
1316,rebounding,1,247,365,9656,100.85,sam2,0.0,0.0,0.0
1317,rebounding,1,247,365,9602,100.28,sam2,0.0,0.0,0.0
1318,rebounding,1,247,365,9508,99.3,sam2,0.0,0.0,0.0
1319,rebounding,1,247,365,9597,100.23,sam2,0.0,0.0,0.0
1320,rebounding,1,247,364,9591,100.17,sam2,1.0,2996.766,45.665
1321,rebounding,1,247,365,9538,99.61,sam2,1.0,2996.766,45.665
1322,rebounding,1,247,365,9553,99.77,sam2,0.0,0.0,0.0
1323,rebounding,1,247,365,9400,98.17,sam2,0.0,0.0,0.0
1324,rebounding,1,247,365,9478,98.99,sam2,0.0,0.0,0.0
1325,rebounding,1,247,366,9456,98.76,sam2,1.0,2996.766,45.665
1326,rebounding,1,247,367,9462,98.82,sam2,1.0,2996.766,45.665
1327,rebounding,1,247,367,9506,99.28,sam2,0.0,0.0,0.0
1328,rebounding,1,247,367,9405,98.22,sam2,0.0,0.0,0.0
1329,rebounding,1,247,367,9478,98.99,sam2,0.0,0.0,0.0
1330,rebounding,1,246,367,9306,97.19,sam2,1.0,2996.766,45.665
1331,rebounding,1,247,367,9239,96.49,sam2,1.0,2996.766,45.665
1332,rebounding,1,247,368,9402,98.19,sam2,1.0,2996.766,45.665
1333,rebounding,1,246,368,9359,97.74,sam2,1.0,2996.766,45.665
1334,rebounding,1,246,369,9397,98.14,sam2,1.0,2996.766,45.665
1335,rebounding,1,246,369,9321,97.35,sam2,0.0,0.0,0.0
1336,rebounding,1,246,369,9285,96.97,sam2,0.0,0.0,0.0
1337,rebounding,1,246,369,9377,97.93,sam2,0.0,0.0,0.0
1338,rebounding,1,246,369,9384,98.01,sam2,0.0,0.0,0.0
1339,rebounding,1,245,369,9393,98.1,sam2,1.0,2996.766,45.665
1340,rebounding,1,246,369,9473,98.93,sam2,1.0,2996.766,45.665
1341,rebounding,1,245,369,9392,98.09,sam2,1.0,2996.766,45.665
1342,rebounding,1,245,368,9311,97.24,sam2,1.0,2996.766,45.665
1343,rebounding,1,245,368,9401,98.18,sam2,0.0,0.0,0.0
1344,rebounding,1,245,367,9528,99.51,sam2,1.0,2996.766,45.665
1345,rebounding,1,244,367,9472,98.92,sam2,1.0,2996.766,45.665
1346,rebounding,1,244,367,9629,100.56,sam2,0.0,0.0,0.0
1347,rebounding,1,244,367,9672,101.01,sam2,0.0,0.0,0.0
1348,rebounding,1,244,366,9537,99.6,sam2,1.0,2996.766,45.665
1349,rebounding,1,244,366,9636,100.64,sam2,0.0,0.0,0.0
1350,rebounding,1,243,365,9613,100.4,sam2,1.414,4238.068,64.58
1351,rebounding,1,243,365,9641,100.69,sam2,0.0,0.0,0.0
1352,rebounding,1,243,365,9788,102.22,sam2,0.0,0.0,0.0
1353,rebounding,1,243,365,9801,102.36,sam2,0.0,0.0,0.0
1354,rebounding,1,243,365,9736,101.68,sam2,0.0,0.0,0.0
1355,rebounding,1,243,365,9662,100.91,sam2,0.0,0.0,0.0
1356,rebounding,1,242,365,9677,101.07,sam2,1.0,2996.766,45.665
1357,rebounding,1,242,365,9680,101.1,sam2,0.0,0.0,0.0
1358,rebounding,1,242,365,9619,100.46,sam2,0.0,0.0,0.0
1359,rebounding,1,242,365,9564,99.89,sam2,0.0,0.0,0.0
1360,rebounding,1,242,365,9637,100.65,sam2,0.0,0.0,0.0
1361,rebounding,1,242,365,9550,99.74,sam2,0.0,0.0,0.0
1362,rebounding,1,242,366,9593,100.19,sam2,1.0,2996.766,45.665
1363,rebounding,1,242,366,9482,99.03,sam2,0.0,0.0,0.0
1364,rebounding,1,242,366,9552,99.76,sam2,0.0,0.0,0.0
1365,rebounding,1,241,367,9380,97.96,sam2,1.414,4238.068,64.58
1366,rebounding,1,241,367,9433,98.52,sam2,0.0,0.0,0.0
1367,rebounding,1,241,367,9369,97.85,sam2,0.0,0.0,0.0
1368,rebounding,1,242,368,9400,98.17,sam2,1.414,4238.068,64.58
1369,rebounding,1,241,369,9321,97.35,sam2,1.414,4238.068,64.58
1370,rebounding,1,242,368,10024,104.69,sam2,1.414,4238.068,64.58
1371,rebounding,1,242,368,9319,97.33,sam2,0.0,0.0,0.0
1372,rebounding,1,242,369,9385,98.02,sam2,1.0,2996.766,45.665
1373,rebounding,1,242,369,9459,98.79,sam2,0.0,0.0,0.0
1374,rebounding,1,242,369,9485,99.06,sam2,0.0,0.0,0.0
1375,rebounding,1,242,369,9520,99.43,sam2,0.0,0.0,0.0
1376,rebounding,1,242,369,9573,99.98,sam2,0.0,0.0,0.0
1377,rebounding,1,242,368,9434,98.53,sam2,1.0,2996.766,45.665
1378,rebounding,1,242,368,9546,99.7,sam2,0.0,0.0,0.0
1379,rebounding,1,242,368,9438,98.57,sam2,0.0,0.0,0.0
1380,rebounding,1,243,367,10320,107.78,sam2,1.414,4238.068,64.58
1381,rebounding,1,242,367,9552,99.76,sam2,1.0,2996.766,45.665
1382,rebounding,1,242,367,9594,100.2,sam2,0.0,0.0,0.0
1383,rebounding,1,243,367,9701,101.32,sam2,1.0,2996.766,45.665
1384,rebounding,1,243,367,9647,100.75,sam2,0.0,0.0,0.0
1385,rebounding,1,243,366,9613,100.4,sam2,1.0,2996.766,45.665
1386,rebounding,1,243,365,9681,101.11,sam2,1.0,2996.766,45.665
1387,rebounding,1,243,366,9482,99.03,sam2,1.0,2996.766,45.665
1388,rebounding,1,243,366,9659,100.88,sam2,0.0,0.0,0.0
1389,rebounding,1,243,365,9685,101.15,sam2,1.0,2996.766,45.665
1390,rebounding,1,243,365,9662,100.91,sam2,0.0,0.0,0.0
1391,rebounding,1,244,365,9636,100.64,sam2,1.0,2996.766,45.665
1392,rebounding,1,244,366,9714,101.45,sam2,1.0,2996.766,45.665
1393,rebounding,1,244,365,9636,100.64,sam2,1.0,2996.766,45.665
1394,rebounding,1,244,365,9653,100.81,sam2,0.0,0.0,0.0
1395,rebounding,1,244,366,9618,100.45,sam2,1.0,2996.766,45.665
1396,rebounding,1,245,366,9641,100.69,sam2,1.0,2996.766,45.665
1397,rebounding,1,245,366,9626,100.53,sam2,0.0,0.0,0.0
1398,rebounding,1,245,366,9483,99.04,sam2,0.0,0.0,0.0
1399,rebounding,1,245,366,9526,99.49,sam2,0.0,0.0,0.0
1400,rebounding,1,245,366,9423,98.41,sam2,0.0,0.0,0.0
1401,rebounding,1,245,367,9403,98.2,sam2,1.0,2996.766,45.665
1402,rebounding,1,246,368,9399,98.16,sam2,1.414,4238.068,64.58
1403,rebounding,1,245,367,9236,96.46,sam2,1.414,4238.068,64.58
1404,rebounding,1,246,368,9349,97.64,sam2,1.414,4238.068,64.58
1405,rebounding,1,246,368,9317,97.31,sam2,0.0,0.0,0.0
1406,rebounding,1,246,368,9231,96.41,sam2,0.0,0.0,0.0
1407,rebounding,1,246,369,9272,96.84,sam2,1.0,2996.766,45.665
1408,rebounding,1,246,368,9153,95.59,sam2,1.0,2996.766,45.665
1409,rebounding,1,247,369,9215,96.24,sam2,1.414,4238.068,64.58
1410,rebounding,1,246,369,9250,96.61,sam2,1.0,2996.766,45.665
1411,rebounding,1,247,369,9309,97.22,sam2,1.0,2996.766,45.665
1412,rebounding,1,247,369,9329,97.43,sam2,0.0,0.0,0.0
1413,rebounding,1,247,369,9353,97.68,sam2,0.0,0.0,0.0
1414,rebounding,1,247,368,9406,98.23,sam2,1.0,2996.766,45.665
1415,rebounding,1,247,368,9424,98.42,sam2,0.0,0.0,0.0
1416,rebounding,1,247,367,9418,98.36,sam2,1.0,2996.766,45.665
1417,rebounding,1,247,367,9397,98.14,sam2,0.0,0.0,0.0
1418,rebounding,1,247,367,9549,99.73,sam2,0.0,0.0,0.0
1419,rebounding,1,247,367,9541,99.64,sam2,0.0,0.0,0.0
1420,rebounding,1,247,367,9557,99.81,sam2,0.0,0.0,0.0
1421,rebounding,1,247,367,9556,99.8,sam2,0.0,0.0,0.0
1422,rebounding,1,247,366,9560,99.84,sam2,1.0,2996.766,45.665
1423,rebounding,1,247,366,9523,99.46,sam2,0.0,0.0,0.0
1424,rebounding,1,247,366,9646,100.74,sam2,0.0,0.0,0.0
1425,rebounding,1,247,365,9662,100.91,sam2,1.0,2996.766,45.665
1426,rebounding,1,247,366,9732,101.64,sam2,1.0,2996.766,45.665
1427,rebounding,1,247,365,9708,101.39,sam2,1.0,2996.766,45.665
1428,rebounding,1,247,365,9656,100.85,sam2,0.0,0.0,0.0
1429,rebounding,1,246,365,9651,100.79,sam2,1.0,2996.766,45.665
1430,rebounding,1,246,365,9589,100.15,sam2,0.0,0.0,0.0
1431,rebounding,1,246,365,9615,100.42,sam2,0.0,0.0,0.0
1432,rebounding,1,246,365,9528,99.51,sam2,0.0,0.0,0.0
1433,rebounding,1,246,366,9507,99.29,sam2,1.0,2996.766,45.665
1434,rebounding,1,246,366,9534,99.57,sam2,0.0,0.0,0.0
1435,rebounding,1,246,366,9606,100.32,sam2,0.0,0.0,0.0
1436,rebounding,1,245,366,9474,98.95,sam2,1.0,2996.766,45.665
1437,rebounding,1,245,367,9482,99.03,sam2,1.0,2996.766,45.665
1438,rebounding,1,245,367,9372,97.88,sam2,0.0,0.0,0.0
1439,rebounding,1,245,368,9472,98.92,sam2,1.0,2996.766,45.665
1440,rebounding,1,245,368,9324,97.38,sam2,0.0,0.0,0.0
1441,rebounding,1,245,369,9480,99.01,sam2,1.0,2996.766,45.665
1442,rebounding,1,244,369,9342,97.57,sam2,1.0,2996.766,45.665
1443,rebounding,1,244,369,9518,99.4,sam2,0.0,0.0,0.0
1444,rebounding,1,244,369,9353,97.68,sam2,0.0,0.0,0.0
1445,rebounding,1,244,369,9460,98.8,sam2,0.0,0.0,0.0
1446,rebounding,1,244,369,9456,98.76,sam2,0.0,0.0,0.0
1447,rebounding,1,243,369,9486,99.07,sam2,1.0,2996.766,45.665
1448,rebounding,1,243,369,9323,97.37,sam2,0.0,0.0,0.0
1449,rebounding,1,243,369,9440,98.59,sam2,0.0,0.0,0.0
1450,rebounding,1,243,369,9468,98.88,sam2,0.0,0.0,0.0
1451,rebounding,1,243,368,9467,98.87,sam2,1.0,2996.766,45.665
1452,rebounding,1,243,368,9429,98.48,sam2,0.0,0.0,0.0
1453,rebounding,1,243,367,9401,98.18,sam2,1.0,2996.766,45.665
1454,rebounding,1,242,367,9581,100.06,sam2,1.0,2996.766,45.665
1455,rebounding,1,242,367,9627,100.54,sam2,0.0,0.0,0.0
1456,rebounding,1,242,367,9575,100.0,sam2,0.0,0.0,0.0
1457,rebounding,1,242,366,9611,100.38,sam2,1.0,2996.766,45.665
1458,rebounding,1,242,366,9610,100.37,sam2,0.0,0.0,0.0
1459,rebounding,1,242,366,9704,101.35,sam2,0.0,0.0,0.0
1460,rebounding,1,242,366,9663,100.92,sam2,0.0,0.0,0.0
1461,rebounding,1,242,366,9621,100.48,sam2,0.0,0.0,0.0
1462,rebounding,1,242,366,9632,100.6,sam2,0.0,0.0,0.0
1463,rebounding,1,242,365,9759,101.92,sam2,1.0,2996.766,45.665
1464,rebounding,1,241,365,9700,101.31,sam2,1.0,2996.766,45.665
1465,rebounding,1,241,365,9690,101.2,sam2,0.0,0.0,0.0
1466,rebounding,1,241,365,9620,100.47,sam2,0.0,0.0,0.0
1467,rebounding,1,241,366,9711,101.42,sam2,1.0,2996.766,45.665
1468,rebounding,1,241,365,9573,99.98,sam2,1.0,2996.766,45.665
1469,rebounding,1,241,365,9522,99.45,sam2,0.0,0.0,0.0
1470,rebounding,1,241,366,9608,100.34,sam2,1.0,2996.766,45.665
1471,rebounding,1,241,366,9465,98.85,sam2,0.0,0.0,0.0
1472,rebounding,1,242,367,9527,99.5,sam2,1.414,4238.068,64.58
1473,rebounding,1,242,367,9598,100.24,sam2,0.0,0.0,0.0
1474,rebounding,1,242,367,9393,98.1,sam2,0.0,0.0,0.0
1475,rebounding,1,242,367,10084,105.32,sam2,0.0,0.0,0.0
1476,rebounding,1,242,368,9433,98.52,sam2,1.0,2996.766,45.665
1477,rebounding,1,242,368,9308,97.21,sam2,0.0,0.0,0.0
1478,rebounding,1,242,368,9311,97.24,sam2,0.0,0.0,0.0
1479,rebounding,1,242,369,9352,97.67,sam2,1.0,2996.766,45.665
1480,rebounding,1,243,370,9388,98.05,sam2,1.414,4238.068,64.58
1481,rebounding,1,243,369,9377,97.93,sam2,1.0,2996.766,45.665
1482,rebounding,1,243,369,9437,98.56,sam2,0.0,0.0,0.0
1483,rebounding,1,243,369,9370,97.86,sam2,0.0,0.0,0.0
1484,rebounding,1,243,369,9392,98.09,sam2,0.0,0.0,0.0
1485,rebounding,1,244,368,9286,96.98,sam2,1.414,4238.068,64.58
1486,rebounding,1,244,369,9288,97.0,sam2,1.0,2996.766,45.665
1487,rebounding,1,244,368,9229,96.39,sam2,1.0,2996.766,45.665
1488,rebounding,1,244,368,9290,97.02,sam2,0.0,0.0,0.0
1489,rebounding,1,244,367,9282,96.94,sam2,1.0,2996.766,45.665
1490,rebounding,1,245,367,9470,98.9,sam2,1.0,2996.766,45.665
1491,rebounding,1,245,367,9465,98.85,sam2,0.0,0.0,0.0
1492,rebounding,1,245,366,9421,98.39,sam2,1.0,2996.766,45.665
1493,rebounding,1,245,366,9552,99.76,sam2,0.0,0.0,0.0
1494,rebounding,1,245,366,9630,100.57,sam2,0.0,0.0,0.0
1495,rebounding,1,245,366,9517,99.39,sam2,0.0,0.0,0.0
1496,rebounding,1,245,365,9552,99.76,sam2,1.0,2996.766,45.665
1497,rebounding,1,246,366,9597,100.23,sam2,1.414,4238.068,64.58
1498,rebounding,1,246,365,9625,100.52,sam2,1.0,2996.766,45.665
1499,rebounding,1,246,365,9623,100.5,sam2,0.0,0.0,0.0
1500,rebounding,1,246,365,9697,101.27,sam2,0.0,0.0,0.0
1501,rebounding,1,246,365,9564,99.89,sam2,0.0,0.0,0.0
1502,rebounding,1,246,365,9640,100.68,sam2,0.0,0.0,0.0
1503,rebounding,1,247,365,9657,100.86,sam2,1.0,2996.766,45.665
1504,rebounding,1,246,365,9672,101.01,sam2,1.0,2996.766,45.665
1505,rebounding,1,247,365,9542,99.66,sam2,1.0,2996.766,45.665
1506,rebounding,1,246,366,9603,100.29,sam2,1.414,4238.068,64.58
1507,rebounding,1,247,366,9501,99.23,sam2,1.0,2996.766,45.665
1508,rebounding,1,247,366,9494,99.15,sam2,0.0,0.0,0.0
1509,rebounding,1,246,366,9340,97.55,sam2,1.0,2996.766,45.665
1510,rebounding,1,247,367,9476,98.97,sam2,1.414,4238.068,64.58
1511,rebounding,1,246,368,9453,98.73,sam2,1.414,4238.068,64.58
1512,rebounding,1,247,368,9417,98.35,sam2,1.0,2996.766,45.665
1513,rebounding,1,247,368,9388,98.05,sam2,0.0,0.0,0.0
1514,rebounding,1,247,368,9444,98.63,sam2,0.0,0.0,0.0
1515,rebounding,1,247,369,9394,98.11,sam2,1.0,2996.766,45.665
1516,rebounding,1,247,368,9302,97.15,sam2,1.0,2996.766,45.665
1517,rebounding,1,247,369,9264,96.75,sam2,1.0,2996.766,45.665
1518,rebounding,1,247,369,9389,98.06,sam2,0.0,0.0,0.0
1519,rebounding,1,247,369,9508,99.3,sam2,0.0,0.0,0.0
1520,rebounding,1,246,369,9311,97.24,sam2,1.0,2996.766,45.665
1521,rebounding,1,247,369,9435,98.54,sam2,1.0,2996.766,45.665
1522,rebounding,1,246,368,9347,97.62,sam2,1.414,4238.068,64.58
1523,rebounding,1,246,368,9427,98.45,sam2,0.0,0.0,0.0
1524,rebounding,1,246,368,9442,98.61,sam2,0.0,0.0,0.0
1525,rebounding,1,246,368,9469,98.89,sam2,0.0,0.0,0.0
1526,rebounding,1,246,368,9591,100.17,sam2,0.0,0.0,0.0
1527,rebounding,1,246,367,9550,99.74,sam2,1.0,2996.766,45.665
1528,rebounding,1,246,367,9516,99.38,sam2,0.0,0.0,0.0
1529,rebounding,1,246,366,9549,99.73,sam2,1.0,2996.766,45.665
1530,rebounding,1,245,366,9503,99.25,sam2,1.0,2996.766,45.665
1531,rebounding,1,245,366,9632,100.6,sam2,0.0,0.0,0.0
1532,rebounding,1,245,366,9577,100.02,sam2,0.0,0.0,0.0
1533,rebounding,1,245,366,9650,100.78,sam2,0.0,0.0,0.0
1534,rebounding,1,245,365,9583,100.08,sam2,1.0,2996.766,45.665
1535,rebounding,1,245,365,9683,101.13,sam2,0.0,0.0,0.0
1536,rebounding,1,244,365,9666,100.95,sam2,1.0,2996.766,45.665
1537,rebounding,1,244,365,9684,101.14,sam2,0.0,0.0,0.0
1538,rebounding,1,244,365,9634,100.62,sam2,0.0,0.0,0.0
1539,rebounding,1,244,365,9622,100.49,sam2,0.0,0.0,0.0
1540,rebounding,1,243,365,9652,100.8,sam2,1.0,2996.766,45.665
1541,rebounding,1,244,366,9663,100.92,sam2,1.414,4238.068,64.58
1542,rebounding,1,243,366,9585,100.1,sam2,1.0,2996.766,45.665
1543,rebounding,1,243,366,9535,99.58,sam2,0.0,0.0,0.0
1544,rebounding,1,243,366,9607,100.33,sam2,0.0,0.0,0.0
1545,rebounding,1,243,366,9441,98.6,sam2,0.0,0.0,0.0
1546,rebounding,1,243,367,9466,98.86,sam2,1.0,2996.766,45.665
1547,rebounding,1,242,367,9324,97.38,sam2,1.0,2996.766,45.665
1548,rebounding,1,242,367,9301,97.14,sam2,0.0,0.0,0.0
1549,rebounding,1,242,367,9494,99.15,sam2,0.0,0.0,0.0
1550,rebounding,1,242,368,9274,96.86,sam2,1.0,2996.766,45.665
1551,rebounding,1,242,368,9389,98.06,sam2,0.0,0.0,0.0
1552,rebounding,1,242,369,9415,98.33,sam2,1.0,2996.766,45.665
1553,rebounding,1,242,369,9302,97.15,sam2,0.0,0.0,0.0
1554,rebounding,1,242,369,9226,96.36,sam2,0.0,0.0,0.0
1555,rebounding,1,242,369,9400,98.17,sam2,0.0,0.0,0.0
1556,rebounding,1,242,369,9385,98.02,sam2,0.0,0.0,0.0
1557,rebounding,1,242,369,9367,97.83,sam2,0.0,0.0,0.0
1558,rebounding,1,242,368,9370,97.86,sam2,1.0,2996.766,45.665
1559,rebounding,1,242,369,9415,98.33,sam2,1.0,2996.766,45.665
1560,rebounding,1,242,368,9362,97.78,sam2,1.0,2996.766,45.665
1561,rebounding,1,242,368,9333,97.47,sam2,0.0,0.0,0.0
1562,rebounding,1,242,368,9508,99.3,sam2,0.0,0.0,0.0
1563,rebounding,1,242,367,9388,98.05,sam2,1.0,2996.766,45.665
1564,rebounding,1,242,367,9379,97.95,sam2,0.0,0.0,0.0
1565,rebounding,1,242,367,9514,99.36,sam2,0.0,0.0,0.0
1566,rebounding,1,242,366,9545,99.69,sam2,1.0,2996.766,45.665
1567,rebounding,1,242,366,9522,99.45,sam2,0.0,0.0,0.0
1568,rebounding,1,242,366,9591,100.17,sam2,0.0,0.0,0.0
1569,rebounding,1,242,366,9552,99.76,sam2,0.0,0.0,0.0
1570,rebounding,1,242,366,9541,99.64,sam2,0.0,0.0,0.0
1571,rebounding,1,242,365,9584,100.09,sam2,1.0,2996.766,45.665
1572,rebounding,1,242,365,9617,100.44,sam2,0.0,0.0,0.0
1573,rebounding,1,242,365,9646,100.74,sam2,0.0,0.0,0.0
1574,rebounding,1,243,365,9679,101.09,sam2,1.0,2996.766,45.665
1575,rebounding,1,243,365,9618,100.45,sam2,0.0,0.0,0.0
1576,rebounding,1,243,365,9569,99.94,sam2,0.0,0.0,0.0
1577,rebounding,1,243,365,9593,100.19,sam2,0.0,0.0,0.0
1578,rebounding,1,243,365,9553,99.77,sam2,0.0,0.0,0.0
1579,rebounding,1,243,366,9461,98.81,sam2,1.0,2996.766,45.665
1580,rebounding,1,243,366,9469,98.89,sam2,0.0,0.0,0.0
1581,rebounding,1,243,366,9357,97.72,sam2,0.0,0.0,0.0
1582,rebounding,1,243,366,9438,98.57,sam2,0.0,0.0,0.0
1583,rebounding,1,243,367,9275,96.87,sam2,1.0,2996.766,45.665
1584,rebounding,1,244,368,9386,98.03,sam2,1.414,4238.068,64.58
1585,rebounding,1,244,367,9189,95.97,sam2,1.0,2996.766,45.665
1586,rebounding,1,244,367,9313,97.26,sam2,0.0,0.0,0.0
1587,rebounding,1,244,367,9257,96.68,sam2,0.0,0.0,0.0
1588,rebounding,1,245,368,9302,97.15,sam2,1.414,4238.068,64.58
1589,rebounding,1,245,368,9245,96.55,sam2,0.0,0.0,0.0
1590,rebounding,1,245,369,9160,95.67,sam2,1.0,2996.766,45.665
1591,rebounding,1,245,368,9156,95.62,sam2,1.0,2996.766,45.665
1592,rebounding,1,246,368,9337,97.51,sam2,1.0,2996.766,45.665
1593,rebounding,1,245,368,9243,96.53,sam2,1.0,2996.766,45.665
1594,rebounding,1,246,368,9215,96.24,sam2,1.0,2996.766,45.665
1595,rebounding,1,246,368,9208,96.17,sam2,0.0,0.0,0.0
1596,rebounding,1,245,368,9203,96.11,sam2,1.0,2996.766,45.665
1597,rebounding,1,246,368,9336,97.5,sam2,1.0,2996.766,45.665
1598,rebounding,1,246,368,9234,96.44,sam2,0.0,0.0,0.0
1599,rebounding,1,247,368,9386,98.03,sam2,1.0,2996.766,45.665
1600,rebounding,1,246,367,9417,98.35,sam2,1.414,4238.068,64.58
1601,rebounding,1,246,367,9461,98.81,sam2,0.0,0.0,0.0
1602,rebounding,1,246,366,9486,99.07,sam2,1.0,2996.766,45.665
1603,rebounding,1,247,366,9399,98.16,sam2,1.0,2996.766,45.665
1604,rebounding,1,247,366,9723,101.55,sam2,0.0,0.0,0.0
1605,rebounding,1,247,365,9588,100.14,sam2,1.0,2996.766,45.665
1606,rebounding,1,247,365,9630,100.57,sam2,0.0,0.0,0.0
1607,rebounding,1,247,366,9747,101.8,sam2,1.0,2996.766,45.665
1608,rebounding,1,247,365,9656,100.85,sam2,1.0,2996.766,45.665
1609,rebounding,1,247,365,9581,100.06,sam2,0.0,0.0,0.0
1610,rebounding,1,247,365,9581,100.06,sam2,0.0,0.0,0.0
1611,rebounding,1,247,366,9434,98.53,sam2,1.0,2996.766,45.665
1612,rebounding,1,247,366,9539,99.62,sam2,0.0,0.0,0.0
1613,rebounding,1,247,366,9653,100.81,sam2,0.0,0.0,0.0
1614,rebounding,1,247,366,9594,100.2,sam2,0.0,0.0,0.0
1615,rebounding,1,247,366,9523,99.46,sam2,0.0,0.0,0.0
1616,rebounding,1,246,366,9621,100.48,sam2,1.0,2996.766,45.665
1617,rebounding,1,246,366,9368,97.84,sam2,0.0,0.0,0.0
1618,rebounding,1,246,366,9428,98.46,sam2,0.0,0.0,0.0
1619,rebounding,1,246,366,9366,97.82,sam2,0.0,0.0,0.0
1620,rebounding,1,246,367,9451,98.7,sam2,1.0,2996.766,45.665
1621,rebounding,1,246,368,9419,98.37,sam2,1.0,2996.766,45.665
1622,rebounding,1,246,368,9476,98.97,sam2,0.0,0.0,0.0
1623,rebounding,1,246,368,9286,96.98,sam2,0.0,0.0,0.0
1624,rebounding,1,246,368,9420,98.38,sam2,0.0,0.0,0.0
1625,rebounding,1,245,369,9324,97.38,sam2,1.414,4238.068,64.58
1626,rebounding,1,245,369,9487,99.08,sam2,0.0,0.0,0.0
1627,rebounding,1,245,368,9378,97.94,sam2,1.0,2996.766,45.665
1628,rebounding,1,245,369,9349,97.64,sam2,1.0,2996.766,45.665
1629,rebounding,1,245,369,9322,97.36,sam2,0.0,0.0,0.0
1630,rebounding,1,245,369,9311,97.24,sam2,0.0,0.0,0.0
1631,rebounding,1,244,368,9314,97.27,sam2,1.414,4238.068,64.58
1632,rebounding,1,244,368,9177,95.84,sam2,0.0,0.0,0.0
1633,rebounding,1,244,368,9391,98.08,sam2,0.0,0.0,0.0
1634,rebounding,1,244,368,9644,100.72,sam2,0.0,0.0,0.0
1635,rebounding,1,243,367,9528,99.51,sam2,1.414,4238.068,64.58
1636,rebounding,1,243,368,9540,99.63,sam2,1.0,2996.766,45.665
1637,rebounding,1,243,367,9429,98.48,sam2,1.0,2996.766,45.665
1638,rebounding,1,243,367,9518,99.4,sam2,0.0,0.0,0.0
