frame,phase,cx_px,cy_px,radius_px,spread_width_px,detection_method,confidence,D_mm,beta,velocity_mm_s,time_ms,dist_travelled_px,px_per_mm,state_change,right_edge_px,top_edge_px,retraction_velocity_mm_s,rebound_velocity_mm_s
142,falling,1139.7,144.6,106.8,,hough,1.0,3.2115,1.0,,0.0,,66.5,True,,,,
143,falling,1125.7,153.2,107.0,,hough,1.0,3.2193,1.0024,740.42,0.3337,16.43,66.5,False,,,,
144,falling,1130.4,119.4,106.3,,hough,1.0,3.1981,0.9958,1537.82,0.6674,34.125,66.5,False,,,,
145,falling,1130.9,152.4,105.0,,hough,1.0,3.1586,0.9835,1487.29,1.0011,33.004,66.5,False,,,,
146,falling,1132.5,180.4,106.2,,hough,1.0,3.1944,0.9946,1263.85,1.3348,28.046,66.5,False,,,,
147,falling,1125.0,138.1,106.2,,hough,1.0,3.1942,0.9946,1935.94,1.6685,42.96,66.5,False,,,,
148,falling,1127.3,171.9,106.4,,hough,1.0,3.2012,0.9968,1526.69,2.0022,33.878,66.5,False,,,,
149,falling,1129.6,140.2,105.9,,hough,1.0,3.184,0.9914,1432.29,2.3359,31.783,66.5,False,,,,
150,falling,1124.0,157.0,107.0,,hough,1.0,3.2184,1.0021,798.03,2.6695,17.709,66.5,False,,,,
151,falling,1123.3,145.6,107.3,,hough,1.0,3.2266,1.0047,514.7,3.0032,11.421,66.5,False,,,,
152,falling,1144.1,160.6,106.5,,hough,1.0,3.2025,0.9971,1155.65,3.3369,25.644,66.5,False,,,,
153,falling,1122.4,156.2,106.6,,hough,1.0,3.206,0.9982,997.79,3.6706,22.142,66.5,False,,,,
154,falling,1125.8,153.6,107.2,,hough,1.0,3.2246,1.004,192.88,4.0043,4.28,66.5,False,,,,
155,falling,1124.2,158.5,106.8,,hough,1.0,3.2108,0.9998,232.29,4.338,5.155,66.5,False,,,,
156,falling,1121.1,142.0,107.5,,hough,1.0,3.2325,1.0065,756.57,4.6717,16.789,66.5,False,,,,
157,falling,1067.7,171.0,103.0,,hough,1.0,3.0973,0.9644,2738.39,5.0054,60.766,66.5,False,,,,
158,falling,1147.1,132.1,106.9,,hough,1.0,3.2156,1.0012,3984.44,5.3391,88.417,66.5,False,,,,
159,falling,1119.9,121.7,106.6,,hough,1.0,3.2055,0.9981,1312.29,5.6728,29.12,66.5,False,,,,
160,falling,1119.9,121.7,106.6,,last_known,0.3,3.2055,0.9981,0.0,6.0065,0.0,66.5,False,,,,
161,falling,1130.8,123.2,106.1,,hough,1.0,3.1897,0.9932,495.83,6.3402,11.003,66.5,False,,,,
162,falling,1130.8,123.2,106.1,,last_known,0.3,3.1897,0.9932,0.0,6.6739,0.0,66.5,False,,,,
163,falling,1137.5,174.7,106.5,,hough,1.0,3.204,0.9976,2340.36,7.0076,51.934,66.5,False,,,,
164,falling,1122.4,184.0,108.3,,hough,1.0,3.2585,1.0146,799.17,7.3412,17.734,66.5,False,,,,
165,falling,1126.5,162.2,106.7,,hough,1.0,3.2102,0.9996,999.62,7.6749,22.182,66.5,False,,,,
166,falling,1127.6,118.5,106.8,,hough,1.0,3.2135,1.0006,1969.93,8.0086,43.714,66.5,False,,,,
167,falling,1127.6,118.5,106.8,,last_known,0.3,3.2135,1.0006,0.0,8.3423,0.0,66.5,False,,,,
168,falling,1126.7,162.1,106.6,,hough,1.0,3.2068,0.9985,1965.22,8.676,43.609,66.5,False,,,,
169,falling,1124.0,119.0,106.4,,hough,1.0,3.201,0.9967,1946.07,9.0097,43.184,66.5,False,,,,
170,falling,1114.6,183.7,107.3,,hough,1.0,3.2261,1.0045,2946.26,9.3434,65.379,66.5,False,,,,
171,falling,1114.6,183.7,107.3,,last_known,0.3,3.2261,1.0045,0.0,9.6771,0.0,66.5,False,,,,
172,falling,1133.6,140.8,106.1,,hough,1.0,3.1916,0.9938,2114.37,10.0108,46.919,66.5,False,,,,
173,falling,1148.3,150.7,106.6,,hough,1.0,3.2069,0.9985,798.67,10.3445,17.723,66.5,False,,,,
174,falling,1148.3,150.7,106.6,,last_known,0.3,3.2069,0.9985,0.0,10.6782,0.0,66.5,False,,,,
175,falling,1128.5,162.6,106.8,,hough,1.0,3.2118,1.0001,1041.02,11.0119,23.101,66.5,False,,,,
176,falling,1154.5,137.0,107.3,,hough,1.0,3.2274,1.0049,1644.29,11.3456,36.488,66.5,False,,,,
177,falling,1143.9,138.7,106.8,,hough,1.0,3.2116,1.0,483.78,11.6793,10.735,66.5,False,,,,
178,spreading,,,,1279,contact_width,1.0,,5.9886,,12.0129,,66.5,True,1783.4,,,
179,spreading,,,,1279,contact_width,1.0,,5.9886,,12.3466,,66.5,False,1783.4,,,
180,spreading,,,,1279,contact_width,1.0,,5.9886,,12.6803,,66.5,False,1783.4,,,
181,spreading,,,,1277,contact_width,1.0,,5.9792,,13.014,,66.5,False,1782.4,,,
182,spreading,,,,1279,contact_width,1.0,,5.9886,,13.3477,,66.5,False,1783.4,,,
183,spreading,,,,1279,contact_width,1.0,,5.9886,,13.6814,,66.5,False,1783.4,,,
184,spreading,,,,1278,contact_width,1.0,,5.9839,,14.0151,,66.5,False,1782.9,,,
185,spreading,,,,1279,contact_width,1.0,,5.9886,,14.3488,,66.5,False,1783.4,,,
186,spreading,,,,1277,contact_width,1.0,,5.9792,,14.6825,,66.5,False,1782.4,,,
187,spreading,,,,1279,contact_width,1.0,,5.9886,,15.0162,,66.5,False,1783.4,,,
188,spreading,,,,1279,contact_width,1.0,,5.9886,,15.3499,,66.5,False,1783.4,,,
189,spreading,,,,1279,contact_width,1.0,,5.9886,,15.6836,,66.5,False,1783.4,,,
190,spreading,,,,1278,contact_width,1.0,,5.9839,,16.0173,,66.5,False,1782.9,,,
191,spreading,,,,1279,contact_width,1.0,,5.9886,,16.351,,66.5,False,1783.4,,,
192,rebounding,,,,,null,0.0,,,,16.6846,,66.5,True,,,,
193,rebounding,982.1,3.7,116.0,,hough,1.0,3.4887,1.0863,,17.0183,,66.5,False,,-112.3,,
194,rebounding,982.1,3.7,116.0,,last_known,0.3,3.4887,1.0863,0.0,17.352,0.0,66.5,False,,-112.3,,
195,rebounding,982.1,3.7,116.0,,last_known,0.3,3.4887,1.0863,0.0,17.6857,0.0,66.5,False,,-112.3,,
196,rebounding,982.1,3.7,116.0,,last_known,0.3,3.4887,1.0863,0.0,18.0194,0.0,66.5,False,,-112.3,,
197,rebounding,982.1,3.7,116.0,,last_known,0.3,3.4887,1.0863,0.0,18.3531,0.0,66.5,False,,-112.3,,
198,rebounding,982.1,3.7,116.0,,last_known,0.3,3.4887,1.0863,0.0,18.6868,0.0,66.5,False,,-112.3,,
199,rebounding,982.1,3.7,116.0,,last_known,0.3,3.4887,1.0863,0.0,19.0205,0.0,66.5,False,,-112.3,,
200,rebounding,982.1,3.7,116.0,,last_known,0.3,3.4887,1.0863,0.0,19.3542,0.0,66.5,False,,-112.3,,
201,rebounding,982.1,3.7,116.0,,last_known,0.3,3.4887,1.0863,0.0,19.6879,0.0,66.5,False,,-112.3,,
202,rebounding,982.1,3.7,116.0,,last_known,0.3,3.4887,1.0863,0.0,20.0216,0.0,66.5,False,,-112.3,,
203,rebounding,982.1,3.7,116.0,,last_known,0.3,3.4887,1.0863,0.0,20.3553,0.0,66.5,False,,-112.3,,
204,rebounding,982.1,3.7,116.0,,last_known,0.3,3.4887,1.0863,0.0,20.689,0.0,66.5,False,,-112.3,,
205,rebounding,982.1,3.7,116.0,,last_known,0.3,3.4887,1.0863,0.0,21.0227,0.0,66.5,False,,-112.3,,
206,rebounding,982.1,3.7,116.0,,last_known,0.3,3.4887,1.0863,0.0,21.3564,0.0,66.5,False,,-112.3,,
207,rebounding,982.1,3.7,116.0,,last_known,0.3,3.4887,1.0863,0.0,21.69,0.0,66.5,False,,-112.3,,
208,rebounding,982.1,3.7,116.0,,last_known,0.3,3.4887,1.0863,0.0,22.0237,0.0,66.5,False,,-112.3,,
209,rebounding,982.1,3.7,116.0,,last_known,0.3,3.4887,1.0863,0.0,22.3574,0.0,66.5,False,,-112.3,,
210,rebounding,982.1,3.7,116.0,,last_known,0.3,3.4887,1.0863,0.0,22.6911,0.0,66.5,False,,-112.3,,
211,rebounding,982.1,3.7,116.0,,last_known,0.3,3.4887,1.0863,0.0,23.0248,0.0,66.5,False,,-112.3,,
212,rebounding,982.1,3.7,116.0,,last_known,0.3,3.4887,1.0863,0.0,23.3585,0.0,66.5,False,,-112.3,,
213,rebounding,982.1,3.7,116.0,,last_known,0.3,3.4887,1.0863,0.0,23.6922,0.0,66.5,False,,-112.3,,
214,rebounding,982.1,3.7,116.0,,last_known,0.3,3.4887,1.0863,0.0,24.0259,0.0,66.5,False,,-112.3,,
215,rebounding,982.1,3.7,116.0,,last_known,0.3,3.4887,1.0863,0.0,24.3596,0.0,66.5,False,,-112.3,,
216,rebounding,982.1,3.7,116.0,,last_known,0.3,3.4887,1.0863,0.0,24.6933,0.0,66.5,False,,-112.3,,
217,rebounding,982.1,3.7,116.0,,last_known,0.3,3.4887,1.0863,0.0,25.027,0.0,66.5,False,,-112.3,,
