frame,drop_id,cx,cy,area_px,percentage,in_frame
684,1,1099,111,16959,100.0,1
685,1,1103,134,20287,119.62,1
686,1,1104,157,20328,119.86,1
687,1,1106,181,20452,120.59,1
688,1,1107,205,20418,120.39,1
689,1,1108,229,20302,119.71,1
690,1,1109,253,20234,119.31,1
691,1,1110,277,20227,119.27,1
692,1,1111,301,20061,118.29,1
693,1,1112,325,19765,116.54,1
694,1,1112,349,19404,114.41,1
695,1,1112,371,18496,109.06,1
696,1,1110,387,16592,97.83,1
697,1,1107,400,14627,86.25,1
698,1,1100,412,12512,73.78,1
699,1,1095,420,10933,64.47,1
700,1,1088,425,9666,56.99,1
701,1,1082,427,8832,52.08,1
702,1,1083,428,8892,52.43,1
703,1,1084,426,8876,52.34,1
704,1,1089,424,9093,53.62,1
705,1,1095,422,9672,57.03,1
706,1,1104,417,10660,62.86,1
707,1,1109,412,11478,67.68,1
708,1,1114,407,12284,72.43,1
709,1,1117,402,12532,73.89,1
710,1,1122,397,13429,79.18,1
711,1,1123,394,13765,81.16,1
712,1,1123,391,14386,84.83,1
713,1,1122,388,15033,88.64,1
714,1,1123,386,15710,92.63,1
715,1,1123,385,15804,93.19,1
715,2,760,5,197,1.16,0
716,1,1124,384,16130,95.11,1
716,2,760,21,346,2.04,1
717,1,1124,383,16322,96.24,1
717,2,760,40,353,2.08,1
718,1,1125,383,16631,98.06,1
718,2,759,59,355,2.09,1
719,1,1125,382,16812,99.13,1
719,2,759,78,357,2.11,1
720,1,1125,383,16775,98.91,1
720,2,759,98,372,2.19,1
721,1,1125,382,16721,98.59,1
721,2,759,117,390,2.3,1
722,1,1125,383,16698,98.46,1
722,2,758,137,398,2.35,1
723,1,1125,384,16655,98.2,1
723,2,758,156,396,2.33,1
724,1,1125,385,16256,95.85,1
724,2,758,175,399,2.35,1
725,1,1124,387,15851,93.46,1
725,2,758,195,390,2.3,1
726,1,1124,388,15808,93.21,1
726,2,757,214,405,2.39,1
727,1,1123,390,15212,89.7,1
727,2,757,234,413,2.44,1
728,1,1123,392,15035,88.65,1
728,2,757,253,408,2.41,1
729,1,1122,393,14234,83.93,1
729,2,757,273,412,2.43,1
730,1,1123,394,14353,84.63,1
730,2,756,292,411,2.42,1
731,1,1122,396,14157,83.48,1
731,2,756,312,413,2.44,1
732,1,1122,397,13910,82.02,1
732,2,756,331,420,2.48,1
733,1,1120,398,13518,79.71,1
733,2,756,351,430,2.54,1
734,1,1120,398,13461,79.37,1
734,2,756,371,431,2.54,1
735,1,1118,399,13129,77.41,1
735,2,755,390,433,2.55,1
736,1,1118,400,12957,76.4,1
736,2,755,410,418,2.46,1
737,1,1118,400,13310,78.48,1
737,2,755,430,413,2.44,1
738,1,1118,401,13276,78.28,1
738,2,754,446,279,1.65,1
739,1,1117,400,13162,77.61,1
739,2,754,447,285,1.68,1
740,1,1117,401,13491,79.55,1
740,2,754,438,372,2.19,1
741,1,1117,400,13485,79.51,1
741,2,754,426,430,2.54,1
742,1,1116,400,13547,79.88,1
742,2,754,414,395,2.33,1
743,1,1116,400,13828,81.54,1
743,2,754,402,428,2.52,1
744,1,1116,399,14157,83.48,1
744,2,754,390,390,2.3,1
745,1,1115,399,14164,83.52,1
745,2,754,378,424,2.5,1
746,1,1115,398,14326,84.47,1
746,2,754,366,392,2.31,1
747,1,1115,397,14549,85.79,1
747,2,754,354,423,2.49,1
748,1,1115,397,14913,87.93,1
748,2,754,342,391,2.31,1
749,1,1114,397,14839,87.5,1
749,2,753,331,403,2.38,1
750,1,1115,396,15165,89.42,1
750,2,753,319,399,2.35,1
751,1,1114,396,15205,89.65,1
751,2,753,308,388,2.29,1
752,1,1113,396,15291,90.16,1
752,2,753,297,409,2.41,1
753,1,1113,395,15347,90.49,1
753,2,753,286,386,2.28,1
754,1,1114,396,15495,91.36,1
754,2,753,275,412,2.43,1
755,1,1112,395,15291,90.16,1
755,2,753,263,382,2.25,1
756,1,1113,396,15552,91.7,1
756,2,753,252,405,2.39,1
757,1,1112,395,15322,90.34,1
757,2,752,241,391,2.31,1
758,1,1111,395,15173,89.47,1
758,2,752,231,400,2.36,1
759,1,1111,396,15254,89.94,1
759,2,752,220,397,2.34,1
760,1,1112,396,15367,90.61,1
760,2,752,210,383,2.26,1
761,1,1112,396,15256,89.96,1
761,2,752,199,401,2.36,1
762,1,1111,396,15117,89.14,1
762,2,752,189,389,2.29,1
763,1,1111,397,15108,89.08,1
763,2,752,179,394,2.32,1
764,1,1112,397,15284,90.12,1
764,2,752,168,379,2.23,1
765,1,1111,396,14961,88.22,1
765,2,752,158,395,2.33,1
766,1,1111,397,14947,88.13,1
766,2,751,148,390,2.3,1
767,1,1112,397,15112,89.11,1
767,2,751,139,391,2.31,1
768,1,1112,397,15028,88.61,1
768,2,751,129,395,2.33,1
769,1,1112,397,14955,88.18,1
769,2,751,119,382,2.25,1
770,1,1113,397,14872,87.69,1
770,2,751,109,388,2.29,1
771,1,1114,397,15087,88.96,1
771,2,751,100,374,2.21,1
772,1,1114,397,15004,88.47,1
772,2,751,90,383,2.26,1
773,1,1113,397,14648,86.37,1
773,2,750,81,376,2.22,1
774,1,1114,397,14660,86.44,1
774,2,750,72,378,2.23,1
775,1,1115,397,14809,87.32,1
775,2,750,62,381,2.25,1
776,1,1115,397,14781,87.15,1
776,2,750,53,379,2.23,1
777,1,1114,397,14491,85.44,1
777,2,750,44,385,2.27,1
778,1,1115,397,14627,86.25,1
778,2,750,35,370,2.18,1
779,1,1116,396,14686,86.59,1
779,2,750,27,382,2.25,1
780,1,1116,396,14601,86.09,1
780,2,749,18,372,2.19,1
781,1,1116,396,14616,86.18,1
781,2,749,9,372,2.19,0
782,1,1117,396,14544,85.76,1
782,2,749,5,204,1.2,0
783,1,1118,396,14679,86.55,1
784,1,1117,396,14463,85.28,1
785,1,1117,396,14345,84.58,1
786,1,1117,396,14271,84.15,1
787,1,1119,396,14706,86.71,1
788,1,1120,396,14723,86.81,1
789,1,1118,396,14317,84.42,1
790,1,1119,396,14363,84.69,1
791,1,1119,396,14417,85.01,1
792,1,1120,396,14515,85.59,1
793,1,1119,396,14305,84.35,1
794,1,1119,396,14154,83.46,1
795,1,1119,396,14374,84.75,1
796,1,1119,396,14393,84.87,1
797,1,1120,396,14338,84.54,1
798,1,1119,396,14135,83.35,1
799,1,1120,396,14582,85.98,1
800,1,1119,396,14335,84.52,1
801,1,1119,396,14383,84.81,1
802,1,1118,396,14169,83.55,1
803,1,1119,397,14452,85.21,1
804,1,1119,397,14423,85.04,1
805,1,1118,396,14251,84.03,1
806,1,1119,397,14421,85.03,1
807,1,1119,397,14544,85.76,1
808,1,1118,397,14496,85.47,1
809,1,1118,396,14353,84.63,1
810,1,1117,396,14409,84.96,1
811,1,1118,396,14511,85.56,1
812,1,1118,396,14623,86.22,1
813,1,1117,396,14427,85.07,1
814,1,1116,396,14372,84.74,1
815,1,1117,396,14727,86.84,1
816,1,1116,396,14583,85.99,1
817,1,1116,396,14651,86.39,1
818,1,1116,396,14595,86.06,1
819,1,1116,397,14768,87.08,1
820,1,1117,397,14956,88.19,1
821,1,1115,396,14546,85.77,1
822,1,1115,396,14601,86.09,1
823,1,1115,397,14705,86.71,1
824,1,1115,396,14803,87.28,1
825,1,1115,396,14811,87.33,1
826,1,1115,396,14906,87.89,1
827,1,1115,396,14809,87.32,1
828,1,1115,397,14865,87.65,1
829,1,1115,397,14775,87.12,1
830,1,1115,397,14857,87.6,1
831,1,1115,397,14878,87.73,1
832,1,1115,397,14851,87.57,1
833,1,1114,396,14683,86.58,1
834,1,1116,397,15062,88.81,1
835,1,1115,396,14833,87.46,1
836,1,1116,397,15018,88.55,1
837,1,1115,396,14598,86.08,1
838,1,1116,396,14914,87.94,1
839,1,1116,396,14867,87.66,1
840,1,1115,397,14752,86.98,1
841,1,1116,397,14816,87.36,1
842,1,1116,396,14699,86.67,1
843,1,1116,396,14706,86.71,1
844,1,1116,396,14662,86.45,1
845,1,1116,396,14774,87.11,1
846,1,1116,396,14526,85.65,1
847,1,1116,397,14643,86.34,1
848,1,1116,396,14381,84.8,1
849,1,1117,396,14790,87.21,1
850,1,1117,396,14523,85.63,1
851,1,1117,396,14646,86.36,1
852,1,1117,396,14405,84.94,1
853,1,1117,396,14501,85.5,1
854,1,1117,396,14511,85.56,1
855,1,1117,396,14334,84.52,1
856,1,1118,396,14469,85.32,1
857,1,1117,396,14225,83.88,1
858,1,1118,396,14461,85.27,1
859,1,1118,396,14387,84.83,1
860,1,1118,396,14441,85.15,1
861,1,1117,396,14263,84.1,1
862,1,1118,396,14340,84.55,1
863,1,1118,397,14313,84.4,1
864,1,1117,396,14254,84.05,1
865,1,1117,396,14256,84.06,1
866,1,1118,396,14230,83.91,1
867,1,1119,396,14558,85.84,1
868,1,1119,396,14624,86.23,1
869,1,1117,396,14169,83.55,1
870,1,1117,396,14228,83.89,1
871,1,1118,396,14251,84.03,1
872,1,1118,396,14399,84.9,1
873,1,1117,396,14157,83.48,1
874,1,1118,397,14373,84.75,1
875,1,1119,396,14559,85.85,1
876,1,1118,396,14438,85.13,1
877,1,1117,396,14155,83.46,1
878,1,1118,396,14519,85.61,1
879,1,1118,396,14392,84.86,1
880,1,1117,396,14217,83.83,1
881,1,1117,396,14270,84.14,1
882,1,1117,396,14419,85.02,1
883,1,1117,396,14411,84.97,1
884,1,1117,397,14395,84.88,1
885,1,1116,396,14294,84.28,1
886,1,1117,397,14638,86.31,1
887,1,1116,397,14357,84.65,1
888,1,1116,396,14278,84.19,1
889,1,1116,396,14277,84.18,1
890,1,1116,397,14470,85.32,1
891,1,1117,397,14591,86.03,1
892,1,1116,396,14452,85.21,1
893,1,1116,396,14446,85.18,1
894,1,1117,396,14618,86.19,1
895,1,1117,396,14652,86.39,1
896,1,1116,396,14359,84.67,1
897,1,1116,396,14466,85.3,1
898,1,1116,396,14673,86.52,1
899,1,1117,397,14765,87.06,1
900,1,1116,397,14694,86.64,1
901,1,1115,396,14239,83.96,1
902,1,1117,396,14744,86.94,1
903,1,1116,396,14542,85.75,1
904,1,1116,397,14484,85.4,1
905,1,1116,396,14489,85.43,1
906,1,1117,396,14589,86.02,1
907,1,1116,397,14575,85.94,1
908,1,1117,396,14603,86.11,1
909,1,1116,396,14431,85.09,1
910,1,1117,397,14752,86.98,1
911,1,1117,397,14676,86.54,1
912,1,1115,396,14198,83.72,1
913,1,1116,396,14340,84.55,1
914,1,1116,396,14435,85.11,1
915,1,1117,396,14575,85.94,1
916,1,1117,396,14530,85.67,1
917,1,1116,396,14251,84.03,1
918,1,1117,396,14530,85.67,1
919,1,1116,396,14282,84.21,1
920,1,1117,396,14427,85.07,1
921,1,1118,396,14685,86.59,1
922,1,1118,396,14659,86.44,1
923,1,1118,396,14517,85.6,1
924,1,1117,396,14428,85.07,1
925,1,1117,397,14384,84.81,1
926,1,1117,396,14442,85.16,1
927,1,1117,396,14276,84.18,1
928,1,1117,396,14282,84.21,1
929,1,1117,396,14396,84.88,1
930,1,1117,396,14303,84.34,1
931,1,1118,396,14447,85.19,1
932,1,1117,396,14395,84.88,1
933,1,1117,397,14341,84.56,1
934,1,1118,396,14516,85.59,1
935,1,1117,396,14194,83.69,1
936,1,1117,396,14376,84.77,1
937,1,1117,396,14410,84.97,1
938,1,1117,397,14499,85.49,1
939,1,1118,396,14455,85.23,1
940,1,1117,396,14451,85.21,1
941,1,1118,396,14593,86.05,1
942,1,1118,396,14571,85.92,1
943,1,1117,396,14380,84.79,1
944,1,1116,396,14228,83.89,1
945,1,1117,397,14496,85.47,1
946,1,1117,396,14492,85.45,1
947,1,1117,396,14440,85.14,1
948,1,1117,396,14587,86.01,1
949,1,1117,396,14513,85.57,1
950,1,1117,396,14464,85.29,1
951,1,1117,396,14483,85.4,1
952,1,1117,396,14471,85.33,1
953,1,1117,396,14529,85.67,1
954,1,1117,396,14689,86.61,1
955,1,1117,396,14537,85.72,1
956,1,1117,396,14715,86.77,1
957,1,1117,396,14574,85.93,1
958,1,1117,397,14654,86.41,1
959,1,1116,396,14473,85.34,1
960,1,1117,397,14766,87.07,1
961,1,1117,396,14663,86.46,1
962,1,1116,396,14367,84.71,1
963,1,1116,396,14485,85.41,1
964,1,1117,396,14844,87.53,1
965,1,1117,396,14667,86.48,1
966,1,1117,396,14653,86.4,1
967,1,1116,396,14546,85.77,1
968,1,1117,396,14635,86.29,1
969,1,1116,396,14319,84.43,1
970,1,1116,396,14435,85.11,1
971,1,1117,396,14649,86.38,1
972,1,1117,396,14732,86.87,1
973,1,1116,397,14576,85.95,1
974,1,1116,397,14533,85.69,1
975,1,1117,397,14788,87.2,1
976,1,1117,397,14624,86.23,1
977,1,1116,397,14612,86.16,1
978,1,1116,396,14558,85.84,1
979,1,1117,397,14698,86.67,1
980,1,1117,396,14600,86.09,1
981,1,1116,396,14477,85.36,1
982,1,1116,396,14493,85.46,1
983,1,1117,397,14694,86.64,1
984,1,1117,396,14603,86.11,1
985,1,1116,396,14483,85.4,1
986,1,1117,396,14662,86.45,1
987,1,1116,397,14451,85.21,1
988,1,1116,396,14497,85.48,1
989,1,1116,396,14445,85.17,1
990,1,1117,397,14586,86.0,1
991,1,1117,396,14550,85.79,1
992,1,1115,396,14156,83.47,1
993,1,1116,396,14314,84.4,1
994,1,1117,396,14552,85.8,1
995,1,1116,396,14454,85.23,1
996,1,1116,397,14470,85.32,1
997,1,1116,396,14358,84.66,1
998,1,1117,397,14625,86.23,1
999,1,1116,396,14461,85.27,1
1000,1,1117,397,14790,87.21,1
1001,1,1116,396,14359,84.67,1
1002,1,1117,397,14676,86.54,1
1003,1,1116,396,14428,85.07,1
1003,3,673,5,233,1.37,0
1004,1,1116,396,14371,84.74,1
1004,3,673,9,346,2.04,0
1005,1,1116,396,14277,84.18,1
1005,3,672,18,293,1.73,1
1006,1,1116,397,14472,85.33,1
1006,3,672,26,280,1.65,1
1007,1,1117,396,14608,86.13,1
1007,3,672,34,309,1.82,1
1008,1,1116,396,14455,85.23,1
1008,3,671,42,321,1.89,1
1009,1,1117,397,14634,86.29,1
1009,3,670,50,332,1.96,1
1010,1,1116,396,14486,85.42,1
1010,3,670,57,311,1.83,1
1011,1,1117,396,14585,86.0,1
1011,3,670,65,308,1.82,1
1012,1,1117,397,14680,86.56,1
1012,3,669,74,327,1.93,1
1013,1,1117,397,14640,86.32,1
1013,3,668,81,322,1.9,1
1014,1,1117,397,14656,86.42,1
1014,3,668,90,291,1.72,1
1015,1,1116,396,14530,85.67,1
1015,3,668,98,326,1.92,1
1016,1,1117,397,14663,86.46,1
1016,3,667,106,325,1.92,1
1017,1,1117,396,14516,85.59,1
1017,3,667,115,329,1.94,1
1018,1,1116,397,14579,85.96,1
1018,3,666,123,348,2.05,1
1019,1,1116,396,14542,85.75,1
1019,3,666,132,355,2.09,1
1020,1,1117,397,14660,86.44,1
1020,3,665,140,362,2.13,1
1021,1,1116,396,14456,85.24,1
1021,3,665,148,354,2.09,1
1022,1,1116,396,14357,84.65,1
1022,3,664,157,355,2.09,1
1023,1,1116,397,14611,86.15,1
1023,3,664,166,365,2.15,1
1024,1,1116,396,14381,84.8,1
1024,3,663,175,343,2.02,1
1025,1,1116,397,14572,85.92,1
1025,3,663,183,354,2.09,1
1026,1,1117,397,14656,86.42,1
1026,3,662,192,331,1.95,1
1027,1,1117,397,14732,86.87,1
1027,3,662,201,343,2.02,1
1028,1,1116,397,14586,86.0,1
1028,3,661,210,345,2.03,1
1029,1,1116,396,14392,84.86,1
1029,3,661,220,346,2.04,1
1030,1,1117,397,14670,86.5,1
1030,3,661,228,335,1.98,1
1031,1,1117,397,14666,86.48,1
1031,3,660,238,338,1.99,1
1032,1,1116,397,14437,85.13,1
1032,3,659,247,341,2.01,1
1033,1,1116,397,14588,86.02,1
1033,3,659,256,343,2.02,1
1034,1,1117,397,14765,87.06,1
1034,3,658,265,329,1.94,1
1035,1,1117,397,14711,86.74,1
1035,3,658,275,350,2.06,1
1036,1,1116,397,14621,86.21,1
1036,3,657,284,358,2.11,1
1037,1,1116,397,14568,85.9,1
1037,3,656,294,348,2.05,1
1038,1,1116,397,14651,86.39,1
1038,3,656,304,347,2.05,1
1039,1,1117,397,14710,86.74,1
1039,3,656,313,364,2.15,1
1040,1,1116,396,14401,84.91,1
1040,3,655,323,338,1.99,1
1041,1,1116,397,14599,86.08,1
1041,3,654,332,333,1.96,1
1042,1,1116,397,14644,86.35,1
1042,3,654,342,340,2.0,1
1043,1,1116,397,14538,85.72,1
1043,3,654,352,358,2.11,1
1044,1,1116,396,14594,86.05,1
1044,3,653,362,366,2.16,1
1045,1,1116,397,14552,85.8,1
1045,3,652,372,361,2.13,1
1046,1,1117,397,14848,87.55,1
1046,3,652,382,364,2.15,1
1047,1,1117,397,14706,86.71,1
1047,3,652,392,361,2.13,1
1048,1,1116,397,14565,85.88,1
1048,3,651,402,364,2.15,1
1049,1,1116,396,14403,84.93,1
1049,3,651,413,339,2.0,1
1050,1,1117,397,14729,86.85,1
1050,3,650,423,340,2.0,1
1051,1,1116,397,14657,86.42,1
1051,3,649,433,362,2.13,1
1052,1,1117,397,14724,86.82,1
1052,3,649,444,388,2.29,1
1053,1,1116,396,14470,85.32,1
1053,3,649,450,153,0.9,1
1054,1,1116,396,14585,86.0,1
1055,1,1117,397,14668,86.49,1
1056,1,1116,396,14399,84.9,1
1057,1,1116,396,14395,84.88,1
1058,1,1117,396,14602,86.1,1
1059,1,1117,396,14727,86.84,1
1060,1,1117,397,14727,86.84,1
1061,1,1116,396,14459,85.26,1
1062,1,1117,397,14721,86.8,1
1063,1,1117,397,14760,87.03,1
1064,1,1116,396,14544,85.76,1
1065,1,1116,397,14521,85.62,1
1066,1,1117,397,14691,86.62,1
1067,1,1116,396,14585,86.0,1
1068,1,1117,397,14679,86.55,1
1069,1,1116,396,14390,84.85,1
1070,1,1117,397,14768,87.08,1
1071,1,1117,396,14717,86.78,1
1072,1,1116,397,14522,85.63,1
1073,1,1116,397,14496,85.47,1
1074,1,1116,396,14579,85.96,1
1075,1,1117,396,14633,86.28,1
1076,1,1116,396,14484,85.4,1
1077,1,1116,396,14493,85.46,1
1078,1,1116,396,14544,85.76,1
1079,1,1116,396,14433,85.1,1
1080,1,1116,396,14374,84.75,1
1081,1,1116,396,14388,84.84,1
1082,1,1117,397,14794,87.23,1
1083,1,1116,397,14565,85.88,1
1084,1,1117,396,14652,86.39,1
1085,1,1117,396,14717,86.78,1
1086,1,1117,396,14668,86.49,1
1087,1,1116,396,14446,85.18,1
1088,1,1116,396,14417,85.01,1
1089,1,1116,397,14544,85.76,1
1090,1,1117,396,14685,86.59,1
1091,1,1116,397,14524,85.64,1
1092,1,1117,396,14660,86.44,1
1093,1,1117,397,14648,86.37,1
1094,1,1116,397,14552,85.8,1
1095,1,1116,396,14363,84.69,1
1096,1,1116,396,14435,85.11,1
1097,1,1116,396,14537,85.72,1
1098,1,1117,396,14696,86.65,1
1099,1,1116,396,14340,84.55,1
1100,1,1116,396,14535,85.7,1
1101,1,1116,396,14500,85.5,1
1102,1,1116,396,14513,85.57,1
1103,1,1116,396,14395,84.88,1
1104,1,1116,396,14351,84.62,1
1105,1,1118,397,14861,87.63,1
1106,1,1116,396,14450,85.2,1
1107,1,1117,396,14554,85.82,1
1108,1,1117,396,14678,86.55,1
1109,1,1116,396,14411,84.97,1
1110,1,1117,396,14712,86.75,1
1111,1,1116,396,14400,84.91,1
1112,1,1117,396,14470,85.32,1
1113,1,1116,396,14477,85.36,1
1114,1,1117,396,14574,85.93,1
1115,1,1116,396,14509,85.55,1
1116,1,1117,396,14562,85.86,1
1117,1,1117,396,14564,85.88,1
1118,1,1117,396,14620,86.21,1
1119,1,1117,396,14526,85.65,1
1120,1,1116,396,14401,84.91,1
1121,1,1117,396,14574,85.93,1
1122,1,1116,396,14402,84.92,1
1123,1,1117,396,14450,85.2,1
1124,1,1118,397,14832,87.46,1
1125,1,1117,396,14446,85.18,1
1126,1,1117,397,14522,85.63,1
1127,1,1117,396,14432,85.1,1
1128,1,1118,396,14810,87.33,1
1129,1,1117,396,14525,85.65,1
1130,1,1117,396,14560,85.85,1
1131,1,1116,396,14403,84.93,1
1132,1,1117,396,14661,86.45,1
1133,1,1117,396,14479,85.37,1
1134,1,1117,397,14504,85.52,1
1135,1,1118,396,14704,86.7,1
1136,1,1117,396,14545,85.76,1
1137,1,1117,396,14563,85.87,1
1138,1,1116,396,14398,84.9,1
1139,1,1117,397,14616,86.18,1
1140,1,1117,397,14645,86.35,1
1141,1,1116,396,14381,84.8,1
1142,1,1116,396,14400,84.91,1
1143,1,1117,396,14632,86.28,1
1144,1,1117,396,14588,86.02,1
1145,1,1116,396,14199,83.72,1
1146,1,1117,396,14534,85.7,1
1147,1,1117,397,14622,86.22,1
1148,1,1118,396,14719,86.79,1
1149,1,1117,396,14427,85.07,1
1150,1,1116,396,14353,84.63,1
1151,1,1117,396,14592,86.04,1
1152,1,1117,396,14426,85.06,1
1153,1,1117,396,14505,85.53,1
1154,1,1116,396,14347,84.6,1
1155,1,1118,396,14761,87.04,1
1156,1,1117,396,14648,86.37,1
1157,1,1117,396,14493,85.46,1
1158,1,1117,396,14631,86.27,1
1159,1,1117,396,14463,85.28,1
1160,1,1117,396,14632,86.28,1
1161,1,1116,396,14368,84.72,1
1162,1,1117,396,14451,85.21,1
1163,1,1117,397,14603,86.11,1
1164,1,1118,396,14810,87.33,1
1165,1,1117,396,14418,85.01,1
1166,1,1116,396,14377,84.77,1
1167,1,1118,396,14604,86.11,1
1168,1,1117,396,14411,84.97,1
1169,1,1117,396,14520,85.62,1
1170,1,1117,396,14461,85.27,1
1171,1,1118,396,14691,86.62,1
1172,1,1118,396,14759,87.02,1
1173,1,1117,396,14422,85.04,1
1174,1,1116,396,14354,84.64,1
1175,1,1117,396,14672,86.51,1
1176,1,1117,396,14649,86.38,1
1177,1,1117,396,14544,85.76,1
1178,1,1117,396,14430,85.09,1
1179,1,1117,396,14563,85.87,1
1180,1,1117,396,14623,86.22,1
1181,1,1118,396,14782,87.16,1
1182,1,1117,396,14463,85.28,1
1183,1,1117,396,14542,85.75,1
1184,1,1118,396,14774,87.11,1
1185,1,1117,396,14556,85.83,1
1186,1,1116,396,14379,84.78,1
1187,1,1117,396,14489,85.43,1
1188,1,1117,396,14672,86.51,1
1189,1,1116,396,14275,84.17,1
1190,1,1117,396,14499,85.49,1
1191,1,1117,396,14606,86.12,1
1192,1,1117,396,14572,85.92,1
1193,1,1117,396,14405,84.94,1
1194,1,1117,396,14564,85.88,1
1195,1,1118,396,14678,86.55,1
1196,1,1118,396,14723,86.81,1
1197,1,1116,396,14241,83.97,1
1198,1,1116,396,14243,83.98,1
1199,1,1118,396,14728,86.84,1
1200,1,1116,396,14375,84.76,1
1201,1,1117,396,14399,84.9,1
1202,1,1117,396,14428,85.07,1
1203,1,1117,396,14598,86.08,1
1204,1,1119,396,14970,88.27,1
1205,1,1117,396,14457,85.24,1
1206,1,1118,396,14874,87.7,1
1207,1,1117,396,14404,84.93,1
1208,1,1117,396,14619,86.2,1
1209,1,1116,396,14338,84.54,1
1210,1,1118,396,14696,86.65,1
1211,1,1117,396,14622,86.22,1
1212,1,1117,396,14472,85.33,1
1213,1,1117,396,14410,84.97,1
1214,1,1117,396,14613,86.16,1
1215,1,1118,396,14771,87.1,1
1216,1,1117,396,14480,85.38,1
1217,1,1117,396,14473,85.34,1
1218,1,1117,396,14428,85.07,1
1219,1,1117,396,14654,86.41,1
1220,1,1118,396,14708,86.72,1
1221,1,1116,396,14316,84.41,1
1222,1,1118,396,14673,86.52,1
1223,1,1117,396,14485,85.41,1
1224,1,1117,396,14441,85.15,1
1225,1,1116,396,14314,84.4,1
1226,1,1117,396,14687,86.6,1
1227,1,1117,396,14635,86.29,1
1228,1,1117,396,14507,85.54,1
1229,1,1117,396,14397,84.89,1
1230,1,1117,396,14573,85.93,1
1231,1,1117,396,14638,86.31,1
1232,1,1117,395,14408,84.96,1
1233,1,1117,396,14631,86.27,1
1234,1,1117,396,14528,85.66,1
1235,1,1118,396,14701,86.68,1
1236,1,1118,396,14766,87.07,1
1237,1,1116,396,14191,83.68,1
1238,1,1117,396,14615,86.18,1
1239,1,1117,396,14631,86.27,1
1240,1,1117,396,14570,85.91,1
1241,1,1117,396,14533,85.69,1
1242,1,1117,396,14680,86.56,1
1243,1,1117,396,14542,85.75,1
1244,1,1117,396,14527,85.66,1
1245,1,1116,395,14312,84.39,1
1246,1,1117,396,14511,85.56,1
1247,1,1117,396,14535,85.7,1
1248,1,1116,395,14206,83.76,1
1249,1,1117,396,14567,85.89,1
1250,1,1117,396,14449,85.2,1
1251,1,1117,396,14571,85.92,1
1252,1,1117,396,14548,85.78,1
1253,1,1116,396,14281,84.21,1
1254,1,1118,396,14728,86.84,1
1255,1,1117,396,14494,85.46,1
1256,1,1117,396,14586,86.0,1
1257,1,1117,396,14593,86.05,1
1258,1,1118,396,14724,86.82,1
1259,1,1117,396,14559,85.85,1
1260,1,1117,396,14608,86.13,1
1261,1,1117,396,14406,84.94,1
1262,1,1118,396,14740,86.91,1
1263,1,1117,396,14652,86.39,1
1264,1,1116,396,14397,84.89,1
1265,1,1117,396,14611,86.15,1
1266,1,1117,395,14543,85.75,1
1267,1,1117,396,14600,86.09,1
1268,1,1117,396,14709,86.73,1
1269,1,1117,396,14603,86.11,1
1270,1,1118,396,14801,87.27,1
1271,1,1117,396,14675,86.53,1
1272,1,1117,395,14569,85.9,1
1273,1,1117,396,14512,85.57,1
1274,1,1118,396,14957,88.19,1
1275,1,1117,396,14592,86.04,1
1276,1,1117,396,14660,86.44,1
1277,1,1117,396,14614,86.17,1
1278,1,1117,396,14643,86.34,1
1279,1,1117,395,14463,85.28,1
1280,1,1117,396,14438,85.13,1
1281,1,1117,396,14623,86.22,1
1282,1,1117,396,14688,86.61,1
1283,1,1117,396,14571,85.92,1
1284,1,1118,396,14736,86.89,1
1285,1,1117,396,14510,85.56,1
1286,1,1117,396,14667,86.48,1
1287,1,1117,396,14452,85.21,1
1288,1,1117,395,14506,85.53,1
1289,1,1117,396,14502,85.51,1
1290,1,1117,395,14617,86.19,1
1291,1,1117,396,14628,86.25,1
1292,1,1118,396,14700,86.68,1
1293,1,1117,396,14677,86.54,1
1294,1,1118,396,14797,87.25,1
1295,1,1117,396,14488,85.43,1
1296,1,1117,396,14489,85.43,1
1297,1,1117,396,14683,86.58,1
1298,1,1117,396,14535,85.7,1
1299,1,1117,396,14536,85.71,1
1300,1,1117,396,14661,86.45,1
1301,1,1117,396,14621,86.21,1
1302,1,1117,396,14601,86.09,1
1303,1,1117,396,14462,85.27,1
1304,1,1116,396,14364,84.7,1
1305,1,1117,396,14609,86.14,1
1306,1,1118,396,14773,87.11,1
1307,1,1117,396,14581,85.98,1
1308,1,1117,396,14467,85.3,1
1309,1,1117,396,14673,86.52,1
1310,1,1117,396,14520,85.62,1
1311,1,1117,396,14559,85.85,1
1312,1,1116,395,14290,84.26,1
1313,1,1117,396,14659,86.44,1
1314,1,1117,396,14599,86.08,1
1315,1,1116,395,14430,85.09,1
1316,1,1116,395,14468,85.31,1
1317,1,1117,396,14659,86.44,1
1318,1,1117,396,14650,86.38,1
1319,1,1116,396,14471,85.33,1
1320,1,1116,395,14387,84.83,1
1321,1,1117,396,14625,86.23,1
1322,1,1117,396,14736,86.89,1
1323,1,1117,396,14666,86.48,1
1324,1,1118,396,14867,87.66,1
1325,1,1117,396,14550,85.79,1
1326,1,1117,396,14562,85.86,1
1327,1,1117,395,14488,85.43,1
1328,1,1116,396,14433,85.1,1
1329,1,1117,396,14667,86.48,1
1330,1,1117,396,14644,86.35,1
1331,1,1117,396,14564,85.88,1
1332,1,1118,396,14785,87.18,1
1333,1,1117,396,14566,85.89,1
1334,1,1117,396,14590,86.03,1
1335,1,1117,396,14626,86.24,1
1336,1,1117,396,14559,85.85,1
1337,1,1117,396,14663,86.46,1
1338,1,1116,396,14577,85.95,1
1339,1,1116,396,14447,85.19,1
1340,1,1117,396,14711,86.74,1
1341,1,1116,396,14538,85.72,1
1342,1,1116,396,14572,85.92,1
1343,1,1116,395,14481,85.39,1
1344,1,1117,396,14651,86.39,1
1345,1,1117,396,14691,86.62,1
1346,1,1116,396,14443,85.16,1
1347,1,1116,396,14513,85.57,1
1348,1,1117,396,14855,87.59,1
1349,1,1116,396,14453,85.22,1
1350,1,1117,396,14600,86.09,1
1351,1,1116,396,14436,85.12,1
1352,1,1116,396,14549,85.79,1
1353,1,1117,396,14620,86.21,1
1354,1,1116,396,14511,85.56,1
1355,1,1115,396,14291,84.27,1
1356,1,1117,397,14732,86.87,1
1357,1,1117,396,14584,85.99,1
1358,1,1116,396,14308,84.37,1
1359,1,1116,396,14483,85.4,1
1360,1,1117,396,14572,85.92,1
1361,1,1117,396,14509,85.55,1
1362,1,1117,396,14707,86.72,1
1363,1,1117,396,14552,85.8,1
1364,1,1117,396,14739,86.91,1
1365,1,1117,396,14516,85.59,1
1366,1,1117,396,14726,86.83,1
1367,1,1116,396,14504,85.52,1
1368,1,1117,396,14698,86.67,1
1369,1,1116,396,14502,85.51,1
1370,1,1117,396,14616,86.18,1
1371,1,1116,396,14547,85.77,1
1372,1,1117,396,14735,86.88,1
1373,1,1117,396,14743,86.93,1
1374,1,1116,396,14528,85.66,1
1375,1,1117,396,14692,86.63,1
1376,1,1116,396,14567,85.89,1
1377,1,1117,396,14615,86.18,1
1378,1,1116,396,14517,85.6,1
1379,1,1117,396,14687,86.6,1
1380,1,1118,396,14892,87.81,1
1381,1,1116,396,14581,85.98,1
1382,1,1117,396,14719,86.79,1
1383,1,1116,396,14508,85.54,1
1384,1,1117,396,14740,86.91,1
1385,1,1117,396,14628,86.25,1
1386,1,1116,396,14526,85.65,1
1387,1,1117,396,14696,86.65,1
1388,1,1117,396,14775,87.12,1
1389,1,1117,396,14757,87.01,1
1390,1,1117,396,14758,87.02,1
1391,1,1117,395,14524,85.64,1
1392,1,1117,396,14591,86.03,1
1393,1,1117,396,14696,86.65,1
1394,1,1117,396,14574,85.93,1
1395,1,1117,396,14710,86.74,1
1396,1,1118,396,14917,87.96,1
1397,1,1117,396,14623,86.22,1
1398,1,1117,396,14598,86.08,1
1399,1,1117,395,14636,86.3,1
1400,1,1118,396,14860,87.62,1
1401,1,1117,396,14632,86.28,1
1402,1,1117,396,14723,86.81,1
1403,1,1116,396,14556,85.83,1
1404,1,1118,396,14808,87.31,1
1405,1,1117,396,14819,87.38,1
1406,1,1117,395,14555,85.82,1
1407,1,1116,396,14510,85.56,1
1408,1,1117,396,14680,86.56,1
1409,1,1117,396,14790,87.21,1
1410,1,1117,396,14611,86.15,1
1411,1,1116,395,14509,85.55,1
1412,1,1118,396,14948,88.14,1
1413,1,1116,395,14569,85.9,1
1414,1,1117,395,14613,86.16,1
1415,1,1117,395,14697,86.66,1
1416,1,1117,396,14806,87.3,1
1417,1,1117,396,14744,86.94,1
1418,1,1117,396,14776,87.13,1
1419,1,1116,396,14609,86.14,1
1420,1,1117,396,14913,87.93,1
1421,1,1117,396,14736,86.89,1
1422,1,1117,395,14645,86.35,1
1423,1,1116,396,14631,86.27,1
1424,1,1117,395,14624,86.23,1
1425,1,1116,395,14643,86.34,1
1426,1,1116,395,14500,85.5,1
1427,1,1116,396,14713,86.75,1
1428,1,1118,396,15052,88.75,1
1429,1,1116,395,14599,86.08,1
1430,1,1117,396,14794,87.23,1
1431,1,1117,396,14793,87.23,1
1432,1,1117,396,14797,87.25,1
1433,1,1116,396,14640,86.32,1
1434,1,1116,396,14654,86.41,1
1435,1,1116,396,14567,85.89,1
1436,1,1117,396,14854,87.59,1
1437,1,1117,396,14867,87.66,1
1438,1,1116,395,14525,85.65,1
1439,1,1116,396,14596,86.06,1
1440,1,1117,396,14715,86.77,1
1441,1,1116,396,14665,86.47,1
1442,1,1116,396,14617,86.19,1
1443,1,1117,396,14697,86.66,1
1444,1,1117,396,14904,87.88,1
1445,1,1116,395,14442,85.16,1
1446,1,1116,396,14592,86.04,1
1447,1,1116,396,14539,85.73,1
1448,1,1117,396,14914,87.94,1
1449,1,1117,396,14811,87.33,1
1450,1,1117,396,14729,86.85,1
1451,1,1116,396,14539,85.73,1
1452,1,1118,396,15051,88.75,1
1453,1,1117,396,14765,87.06,1
1454,1,1117,396,14716,86.77,1
1455,1,1117,396,14825,87.41,1
1456,1,1117,396,14804,87.29,1
1457,1,1118,396,14987,88.37,1
1458,1,1117,395,14668,86.49,1
1459,1,1117,396,14760,87.03,1
1460,1,1118,396,14955,88.18,1
1461,1,1116,395,14582,85.98,1
1462,1,1116,395,14585,86.0,1
1463,1,1116,395,14378,84.78,1
1464,1,1117,396,14754,87.0,1
1465,1,1117,395,14652,86.39,1
1466,1,1117,395,14651,86.39,1
1467,1,1116,395,14496,85.47,1
1468,1,1117,396,14873,87.7,1
1469,1,1117,396,14725,86.82,1
1470,1,1116,396,14588,86.02,1
1471,1,1116,395,14601,86.09,1
1472,1,1117,395,14661,86.45,1
1473,1,1117,396,14767,87.07,1
1474,1,1117,395,14631,86.27,1
1475,1,1117,395,14631,86.27,1
1476,1,1116,395,14505,85.53,1
1477,1,1116,396,14549,85.79,1
1478,1,1117,396,14643,86.34,1
1479,1,1116,396,14498,85.49,1
1480,1,1117,396,14796,87.24,1
1481,1,1117,395,14683,86.58,1
1482,1,1116,395,14535,85.7,1
1483,1,1116,395,14597,86.07,1
1484,1,1117,396,14682,86.57,1
1485,1,1116,395,14643,86.34,1
1486,1,1116,395,14642,86.34,1
1487,1,1117,396,14727,86.84,1
1488,1,1117,396,14697,86.66,1
1489,1,1116,395,14529,85.67,1
1490,1,1116,395,14435,85.11,1
1491,1,1117,396,14876,87.71,1
1492,1,1117,396,14671,86.51,1
1493,1,1116,395,14542,85.75,1
1494,1,1117,396,14663,86.46,1
1495,1,1117,396,14828,87.43,1
1496,1,1117,396,14707,86.72,1
1497,1,1116,395,14394,84.87,1
1498,1,1117,396,14779,87.14,1
1499,1,1117,396,14705,86.71,1
1500,1,1117,396,14817,87.37,1
1501,1,1116,396,14549,85.79,1
1502,1,1117,396,14794,87.23,1
1503,1,1118,396,15018,88.55,1
1504,1,1117,396,14772,87.1,1
1505,1,1116,395,14555,85.82,1
1506,1,1117,396,14821,87.39,1
1507,1,1117,396,14755,87.0,1
1508,1,1116,395,14519,85.61,1
1509,1,1117,395,14768,87.08,1
1510,1,1117,396,14721,86.8,1
1511,1,1117,396,14724,86.82,1
1512,1,1116,395,14507,85.54,1
1513,1,1117,396,14754,87.0,1
1514,1,1117,396,14774,87.11,1
1515,1,1117,396,14712,86.75,1
1516,1,1117,396,14753,86.99,1
1517,1,1116,396,14610,86.15,1
1518,1,1116,395,14604,86.11,1
1519,1,1117,395,14725,86.82,1
1520,1,1116,395,14479,85.37,1
1521,1,1117,396,14692,86.63,1
1522,1,1116,395,14611,86.15,1
1523,1,1117,395,14642,86.34,1
1524,1,1116,395,14525,85.65,1
1525,1,1117,396,14640,86.32,1
1526,1,1116,395,14607,86.13,1
1527,1,1117,396,14728,86.84,1
1528,1,1116,396,14586,86.0,1
1529,1,1116,395,14561,85.86,1
1530,1,1116,396,14647,86.36,1
1531,1,1117,396,14679,86.55,1
1532,1,1117,396,14794,87.23,1
1533,1,1117,396,14695,86.65,1
1534,1,1116,395,14601,86.09,1
1535,1,1117,396,14823,87.4,1
1536,1,1117,396,14818,87.37,1
1537,1,1117,396,14794,87.23,1
1538,1,1116,396,14537,85.72,1
1539,1,1116,396,14602,86.1,1
1540,1,1117,396,14879,87.73,1
1541,1,1116,396,14591,86.03,1
1542,1,1116,395,14480,85.38,1
1543,1,1116,396,14344,84.58,1
1544,1,1116,396,14601,86.09,1
1545,1,1116,396,14523,85.63,1
1546,1,1116,396,14597,86.07,1
1547,1,1117,396,14843,87.52,1
1548,1,1117,396,14687,86.6,1
1549,1,1117,395,14689,86.61,1
1550,1,1116,396,14452,85.21,1
1551,1,1116,396,14533,85.69,1
1552,1,1117,396,14737,86.9,1
1553,1,1116,395,14600,86.09,1
1554,1,1116,395,14387,84.83,1
1555,1,1116,395,14512,85.57,1
1556,1,1117,396,14873,87.7,1
1557,1,1116,395,14548,85.78,1
1558,1,1116,396,14616,86.18,1
1559,1,1116,396,14524,85.64,1
1560,1,1117,396,14685,86.59,1
1561,1,1116,396,14646,86.36,1
1562,1,1116,395,14495,85.47,1
1563,1,1117,396,14776,87.13,1
1564,1,1118,396,14955,88.18,1
1565,1,1117,395,14694,86.64,1
1566,1,1116,396,14574,85.93,1
1567,1,1117,396,14718,86.78,1
1568,1,1116,396,14570,85.91,1
1569,1,1117,395,14716,86.77,1
1570,1,1116,396,14619,86.2,1
1571,1,1117,396,14905,87.89,1
1572,1,1116,395,14630,86.26,1
1573,1,1116,395,14522,85.63,1
1574,1,1117,396,14644,86.35,1
1575,1,1116,395,14532,85.69,1
1576,1,1117,396,14725,86.82,1
1577,1,1116,396,14544,85.76,1
1578,1,1116,395,14512,85.57,1
1579,1,1116,396,14556,85.83,1
1580,1,1117,396,14728,86.84,1
1581,1,1116,395,14444,85.17,1
1582,1,1117,396,14645,86.35,1
1583,1,1117,396,14658,86.43,1
1584,1,1116,396,14572,85.92,1
1585,1,1117,396,14682,86.57,1
1586,1,1117,396,14658,86.43,1
1587,1,1117,396,14775,87.12,1
1588,1,1116,396,14619,86.2,1
1589,1,1116,395,14534,85.7,1
1590,1,1117,396,14834,87.47,1
1591,1,1116,395,14559,85.85,1
1592,1,1116,396,14646,86.36,1
1593,1,1116,395,14366,84.71,1
1594,1,1117,396,14838,87.49,1
1595,1,1117,396,14756,87.01,1
1596,1,1116,395,14640,86.32,1
1597,1,1117,396,14656,86.42,1
1598,1,1117,396,14778,87.14,1
1599,1,1116,395,14562,85.86,1
1600,1,1116,396,14564,85.88,1
1601,1,1116,396,14616,86.18,1
1602,1,1117,396,14687,86.6,1
1603,1,1117,396,14728,86.84,1
1604,1,1116,396,14635,86.29,1
1605,1,1115,395,14158,83.48,1
1606,1,1117,396,14645,86.35,1
1607,1,1116,395,14626,86.24,1
1608,1,1115,396,14343,84.57,1
1609,1,1115,396,14341,84.56,1
1610,1,1116,396,14626,86.24,1
1611,1,1117,396,14669,86.49,1
1612,1,1116,396,14549,85.79,1
1613,1,1116,396,14466,85.3,1
1614,1,1117,396,14699,86.67,1
1615,1,1116,395,14527,85.66,1
1616,1,1116,395,14479,85.37,1
1617,1,1116,396,14620,86.21,1
1618,1,1116,396,14627,86.25,1
1619,1,1116,396,14601,86.09,1
1620,1,1117,396,14657,86.42,1
1621,1,1117,396,14745,86.94,1
1622,1,1117,396,14601,86.09,1
1623,1,1116,396,14468,85.31,1
1624,1,1117,396,14619,86.2,1
1625,1,1117,396,14722,86.81,1
1626,1,1116,396,14533,85.69,1
1627,1,1117,396,14639,86.32,1
1628,1,1117,396,14737,86.9,1
1629,1,1116,396,14674,86.52,1
1630,1,1117,396,14684,86.58,1
1631,1,1116,396,14585,86.0,1
1632,1,1116,396,14633,86.28,1
1633,1,1117,396,14671,86.51,1
1634,1,1116,395,14571,85.92,1
1635,1,1116,396,14558,85.84,1
1636,1,1116,396,14539,85.73,1
1637,1,1116,396,14668,86.49,1
1638,1,1117,395,14864,87.64,1
1639,1,1116,395,14457,85.24,1
1640,1,1116,396,14513,85.57,1
1641,1,1116,395,14615,86.18,1
1642,1,1116,395,14609,86.14,1
1643,1,1116,396,14605,86.12,1
1644,1,1116,396,14606,86.12,1
1645,1,1116,396,14668,86.49,1
1646,1,1116,396,14701,86.68,1
1647,1,1117,396,14776,87.13,1
1648,1,1116,395,14493,85.46,1
1649,1,1117,396,14778,87.14,1
1650,1,1117,396,14758,87.02,1
1651,1,1116,396,14743,86.93,1
1652,1,1117,396,14813,87.34,1
1653,1,1117,395,14743,86.93,1
1654,1,1117,396,14741,86.92,1
1655,1,1116,396,14660,86.44,1
1656,1,1117,396,14810,87.33,1
1657,1,1116,396,14688,86.61,1
1658,1,1117,396,14905,87.89,1
1659,1,1117,396,14737,86.9,1
1660,1,1117,396,14943,88.11,1
1661,1,1116,396,14688,86.61,1
1662,1,1117,396,14736,86.89,1
1663,1,1117,396,14750,86.97,1
1664,1,1117,396,14687,86.6,1
1665,1,1117,396,14835,87.47,1
1666,1,1116,395,14631,86.27,1
1667,1,1116,395,14518,85.6,1
1668,1,1116,396,14488,85.43,1
1669,1,1116,396,14677,86.54,1
1670,1,1117,396,14753,86.99,1
1671,1,1117,396,14676,86.54,1
1672,1,1117,396,14906,87.89,1
1673,1,1116,396,14651,86.39,1
1674,1,1117,396,14703,86.69,1
1675,1,1116,395,14539,85.73,1
1676,1,1117,396,14918,87.96,1
1677,1,1116,396,14641,86.33,1
1678,1,1117,396,14660,86.44,1
1679,1,1117,396,14716,86.77,1
1680,1,1117,395,14707,86.72,1
1681,1,1117,396,14743,86.93,1
1682,1,1117,396,14794,87.23,1
1683,1,1116,396,14608,86.13,1
1684,1,1118,396,14978,88.32,1
1685,1,1116,395,14605,86.12,1
1686,1,1116,395,14618,86.19,1
1687,1,1116,395,14466,85.3,1
1688,1,1116,395,14640,86.32,1
1689,1,1116,395,14604,86.11,1
1690,1,1117,396,14715,86.77,1
1691,1,1117,395,14652,86.39,1
1692,1,1117,396,14881,87.74,1
1693,1,1117,396,14744,86.94,1
1694,1,1117,396,14702,86.69,1
1695,1,1117,395,14821,87.39,1
1696,1,1116,395,14629,86.26,1
1697,1,1117,396,14862,87.63,1
1698,1,1117,396,14778,87.14,1
1699,1,1117,396,14826,87.42,1
1700,1,1117,396,14904,87.88,1
1701,1,1117,396,14833,87.46,1
1702,1,1116,395,14635,86.29,1
1703,1,1116,395,14440,85.14,1
1704,1,1117,396,14834,87.47,1
1705,1,1116,396,14688,86.61,1
1706,1,1117,395,14778,87.14,1
1707,1,1116,395,14629,86.26,1
1708,1,1118,396,14994,88.41,1
1709,1,1117,396,14829,87.44,1
1710,1,1117,396,14825,87.41,1
1711,1,1117,396,14885,87.77,1
1712,1,1117,396,14705,86.71,1
1713,1,1116,395,14499,85.49,1
1714,1,1116,396,14503,85.52,1
1715,1,1117,396,14943,88.11,1
1716,1,1117,396,14816,87.36,1
1717,1,1116,396,14594,86.05,1
1718,1,1117,396,14768,87.08,1
1719,1,1117,396,14873,87.7,1
1720,1,1117,396,14834,87.47,1
1721,1,1117,396,14751,86.98,1
1722,1,1117,396,14672,86.51,1
1723,1,1116,395,14620,86.21,1
1724,1,1117,396,14805,87.3,1
1725,1,1116,396,14656,86.42,1
1726,1,1116,396,14460,85.26,1
1727,1,1117,396,14870,87.68,1
1728,1,1117,396,14869,87.67,1
1729,1,1116,395,14634,86.29,1
1730,1,1116,395,14484,85.4,1
1731,1,1118,396,14920,87.97,1
1732,1,1117,396,14805,87.3,1
1733,1,1116,395,14523,85.63,1
1734,1,1116,395,14556,85.83,1
1735,1,1117,396,14710,86.74,1
1736,1,1117,395,14694,86.64,1
1737,1,1115,395,14359,84.67,1
1738,1,1117,396,14691,86.62,1
1739,1,1117,396,14818,87.37,1
1740,1,1117,396,14810,87.33,1
1741,1,1116,395,14591,86.03,1
1742,1,1116,396,14619,86.2,1
1743,1,1117,396,14831,87.45,1
1744,1,1117,396,14664,86.46,1
1745,1,1117,396,14802,87.28,1
1746,1,1117,395,14667,86.48,1
1747,1,1117,395,14688,86.61,1
1748,1,1117,396,14769,87.08,1
1749,1,1116,395,14415,85.0,1
1750,1,1118,396,15021,88.57,1
1751,1,1117,396,14717,86.78,1
1752,1,1117,396,14680,86.56,1
1753,1,1116,395,14372,84.74,1
1754,1,1116,395,14591,86.03,1
1755,1,1117,395,14769,87.08,1
1756,1,1117,396,14715,86.77,1
1757,1,1117,395,14751,86.98,1
1758,1,1117,396,14804,87.29,1
1759,1,1116,395,14630,86.26,1
1760,1,1116,395,14501,85.5,1
1761,1,1117,396,14850,87.56,1
1762,1,1117,396,14704,86.7,1
1763,1,1117,395,14717,86.78,1
1764,1,1117,395,14698,86.67,1
1765,1,1116,395,14605,86.12,1
1766,1,1117,396,14812,87.34,1
1767,1,1116,396,14621,86.21,1
1768,1,1116,395,14612,86.16,1
1769,1,1117,396,14763,87.05,1
1770,1,1117,396,14748,86.96,1
1771,1,1117,396,14756,87.01,1
1772,1,1117,396,14709,86.73,1
1773,1,1117,396,14790,87.21,1
1774,1,1116,395,14580,85.97,1
1775,1,1117,396,14696,86.65,1
1776,1,1117,395,14638,86.31,1
1777,1,1117,396,14820,87.38,1
1778,1,1117,396,14768,87.08,1
1779,1,1116,395,14610,86.15,1
1780,1,1117,396,14874,87.7,1
1781,1,1116,396,14666,86.48,1
1782,1,1116,396,14749,86.97,1
1783,1,1116,395,14579,85.96,1
1784,1,1117,396,14767,87.07,1
1785,1,1117,395,14674,86.52,1
1786,1,1116,395,14603,86.11,1
1787,1,1116,395,14615,86.18,1
1788,1,1117,396,14879,87.73,1
1789,1,1117,396,14736,86.89,1
1790,1,1116,396,14551,85.8,1
1791,1,1116,396,14652,86.39,1
1792,1,1117,396,14753,86.99,1
1793,1,1117,396,14703,86.69,1
1794,1,1116,396,14640,86.32,1
1795,1,1117,396,14825,87.41,1
1796,1,1117,395,14725,86.82,1
1797,1,1117,396,14643,86.34,1
1798,1,1116,395,14606,86.12,1
1799,1,1117,396,14821,87.39,1
1800,1,1116,396,14613,86.16,1
1801,1,1116,395,14508,85.54,1
1802,1,1117,395,14637,86.31,1
1803,1,1117,396,14823,87.4,1
1804,1,1116,396,14674,86.52,1
1805,1,1117,396,14707,86.72,1
1806,1,1116,395,14447,85.19,1
1807,1,1117,396,14833,87.46,1
1808,1,1116,396,14679,86.55,1
1809,1,1117,396,14765,87.06,1
1810,1,1116,395,14516,85.59,1
1811,1,1117,396,14800,87.27,1
1812,1,1117,396,14947,88.13,1
1813,1,1116,395,14453,85.22,1
1814,1,1116,396,14459,85.26,1
1815,1,1117,396,14775,87.12,1
1816,1,1116,396,14618,86.19,1
1817,1,1117,395,14687,86.6,1
1818,1,1117,395,14800,87.27,1
1819,1,1117,396,14968,88.26,1
1820,1,1117,395,14751,86.98,1
1821,1,1116,396,14501,85.5,1
1822,1,1118,396,14911,87.92,1
1823,1,1116,395,14577,85.95,1
1824,1,1116,396,14473,85.34,1
1825,1,1116,396,14515,85.59,1
1826,1,1116,395,14515,85.59,1
1827,1,1117,396,14794,87.23,1
1828,1,1117,396,14746,86.95,1
1829,1,1115,395,14359,84.67,1
1830,1,1117,396,14693,86.64,1
1831,1,1117,396,14768,87.08,1
1832,1,1116,395,14578,85.96,1
1833,1,1117,396,14724,86.82,1
1834,1,1117,395,14725,86.82,1
1835,1,1117,395,14729,86.85,1
1836,1,1117,396,14849,87.56,1
1837,1,1116,396,14651,86.39,1
1838,1,1117,396,14748,86.96,1
1839,1,1116,395,14576,85.95,1
1840,1,1116,395,14442,85.16,1
1841,1,1116,396,14611,86.15,1
1842,1,1116,396,14613,86.16,1
1843,1,1117,395,14672,86.51,1
1844,1,1117,395,14713,86.75,1
1845,1,1116,395,14525,85.65,1
1846,1,1117,396,14800,87.27,1
1847,1,1117,395,14766,87.07,1
1848,1,1117,396,14730,86.85,1
1849,1,1116,395,14413,84.98,1
1850,1,1116,395,14567,85.89,1
1851,1,1117,396,14706,86.71,1
1852,1,1117,395,14770,87.09,1
1853,1,1116,396,14674,86.52,1
1854,1,1117,396,14757,87.01,1
1855,1,1117,396,14828,87.43,1
1856,1,1115,396,14394,84.87,1
1857,1,1116,396,14665,86.47,1
1858,1,1117,396,14657,86.42,1
1859,1,1117,396,14708,86.72,1
1860,1,1117,395,14716,86.77,1
1861,1,1116,395,14353,84.63,1
1862,1,1117,396,14802,87.28,1
1863,1,1116,395,14633,86.28,1
1864,1,1116,395,14603,86.11,1
1865,1,1115,395,14384,84.81,1
1866,1,1117,396,14725,86.82,1
1867,1,1117,396,14790,87.21,1
1868,1,1117,396,14901,87.86,1
1869,1,1116,395,14491,85.44,1
1870,1,1116,396,14675,86.53,1
1871,1,1117,396,14768,87.08,1
1872,1,1116,395,14611,86.15,1
1873,1,1117,396,14749,86.97,1
1874,1,1117,396,14783,87.17,1
1875,1,1117,396,14710,86.74,1
1876,1,1117,396,14835,87.47,1
1877,1,1116,395,14573,85.93,1
1878,1,1117,396,14777,87.13,1
1879,1,1116,396,14657,86.42,1
1880,1,1116,396,14638,86.31,1
1881,1,1116,396,14579,85.96,1
1882,1,1117,396,14779,87.14,1
1883,1,1117,395,14703,86.69,1
1884,1,1116,395,14680,86.56,1
1885,1,1115,395,14388,84.84,1
1886,1,1116,396,14595,86.06,1
1887,1,1117,396,14913,87.93,1
1888,1,1116,395,14600,86.09,1
1889,1,1117,396,14724,86.82,1
1890,1,1116,396,14672,86.51,1
1891,1,1117,396,14791,87.21,1
1892,1,1116,395,14638,86.31,1
1893,1,1117,396,14802,87.28,1
1894,1,1117,396,14801,87.27,1
1895,1,1117,396,14683,86.58,1
1896,1,1117,395,14729,86.85,1
1897,1,1116,396,14619,86.2,1
1898,1,1117,396,14810,87.33,1
1899,1,1117,396,14811,87.33,1
1900,1,1117,396,14747,86.95,1
1901,1,1116,396,14533,85.69,1
1902,1,1117,396,14825,87.41,1
1903,1,1118,396,14909,87.91,1
1904,1,1116,395,14661,86.45,1
1905,1,1116,396,14688,86.61,1
1906,1,1117,396,14741,86.92,1
1907,1,1117,395,14731,86.86,1
1908,1,1117,395,14775,87.12,1
1909,1,1116,395,14506,85.53,1
1910,1,1118,396,15021,88.57,1
1911,1,1117,396,14795,87.24,1
1912,1,1116,395,14499,85.49,1
1913,1,1116,395,14518,85.6,1
1914,1,1117,396,14869,87.67,1
1915,1,1116,395,14691,86.62,1
1916,1,1116,395,14607,86.13,1
1917,1,1116,396,14548,85.78,1
1918,1,1117,396,14711,86.74,1
1919,1,1117,396,14720,86.8,1
1920,1,1116,396,14651,86.39,1
1921,1,1116,396,14661,86.45,1
1922,1,1117,396,14876,87.71,1
1923,1,1116,396,14670,86.5,1
1924,1,1116,396,14709,86.73,1
1925,1,1116,396,14574,85.93,1
1926,1,1117,396,14796,87.24,1
1927,1,1117,396,14830,87.44,1
1928,1,1116,395,14526,85.65,1
1929,1,1116,396,14593,86.05,1
1930,1,1117,396,14765,87.06,1
1931,1,1116,395,14623,86.22,1
1932,1,1117,396,14755,87.0,1
1933,1,1117,396,14737,86.9,1
1934,1,1117,396,14784,87.17,1
1935,1,1117,395,14764,87.05,1
1936,1,1115,396,14468,85.31,1
1937,1,1116,396,14619,86.2,1
1938,1,1117,396,14753,86.99,1
1939,1,1117,396,14851,87.57,1
1940,1,1117,396,14951,88.16,1
1941,1,1116,395,14546,85.77,1
1942,1,1117,396,14871,87.69,1
1943,1,1117,396,14953,88.17,1
1944,1,1116,396,14672,86.51,1
1945,1,1116,395,14551,85.8,1
1946,1,1117,396,14813,87.34,1
1947,1,1117,396,14809,87.32,1
1948,1,1117,395,14718,86.78,1
1949,1,1117,396,14761,87.04,1
1950,1,1117,396,14795,87.24,1
1951,1,1116,396,14639,86.32,1
1952,1,1116,395,14508,85.54,1
1953,1,1117,396,14746,86.95,1
1954,1,1117,395,14657,86.42,1
1955,1,1116,396,14644,86.35,1
1956,1,1117,396,14788,87.2,1
1957,1,1116,395,14661,86.45,1
1958,1,1117,396,14895,87.83,1
1959,1,1117,396,14754,87.0,1
1960,1,1116,396,14684,86.58,1
1961,1,1117,396,14755,87.0,1
1962,1,1117,396,14795,87.24,1
1963,1,1117,396,14731,86.86,1
1964,1,1116,396,14711,86.74,1
1965,1,1117,396,14774,87.11,1
1966,1,1117,396,14731,86.86,1
1967,1,1117,396,14901,87.86,1
1968,1,1116,396,14636,86.3,1
1969,1,1117,396,14883,87.76,1
1970,1,1116,395,14649,86.38,1
1971,1,1117,396,14796,87.24,1
1972,1,1117,396,14980,88.33,1
1973,1,1116,396,14627,86.25,1
1974,1,1117,396,14763,87.05,1
1975,1,1117,396,14637,86.31,1
1976,1,1118,396,14962,88.22,1
1977,1,1116,395,14628,86.25,1
1978,1,1116,395,14543,85.75,1
1979,1,1116,396,14569,85.9,1
1980,1,1117,396,14872,87.69,1
1981,1,1116,395,14519,85.61,1
1982,1,1116,395,14534,85.7,1
1983,1,1117,396,14808,87.31,1
1984,1,1116,396,14654,86.41,1
1985,1,1116,396,14700,86.68,1
1986,1,1115,395,14414,84.99,1
1987,1,1117,396,14771,87.1,1
1988,1,1117,396,14875,87.71,1
1989,1,1116,396,14732,86.87,1
1990,1,1116,396,14619,86.2,1
1991,1,1117,396,14699,86.67,1
1992,1,1116,396,14709,86.73,1
1993,1,1117,396,14723,86.81,1
1994,1,1116,395,14643,86.34,1
1995,1,1116,395,14531,85.68,1
1996,1,1117,396,14803,87.28,1
1997,1,1116,395,14565,85.88,1
1998,1,1116,395,14393,84.87,1
1999,1,1117,396,14761,87.04,1
2000,1,1116,396,14548,85.78,1
2001,1,1117,396,14823,87.4,1
2002,1,1116,396,14454,85.23,1
2003,1,1117,396,14744,86.94,1
2004,1,1117,396,14899,87.85,1
2005,1,1115,395,14353,84.63,1
2006,1,1115,395,14438,85.13,1
2007,1,1117,396,14873,87.7,1
2008,1,1116,395,14626,86.24,1
2009,1,1116,395,14571,85.92,1
2010,1,1117,396,14732,86.87,1
2011,1,1117,396,14836,87.48,1
2012,1,1117,395,14896,87.83,1
2013,1,1116,396,14514,85.58,1
2014,1,1116,395,14504,85.52,1
2015,1,1117,396,14775,87.12,1
2016,1,1116,395,14614,86.17,1
2017,1,1116,396,14713,86.75,1
2018,1,1116,396,14603,86.11,1
2019,1,1117,396,14777,87.13,1
2020,1,1117,396,14934,88.06,1
2021,1,1116,396,14527,85.66,1
2022,1,1116,395,14673,86.52,1
2023,1,1116,396,14708,86.72,1
2024,1,1116,396,14670,86.5,1
2025,1,1116,396,14548,85.78,1
2026,1,1117,395,14723,86.81,1
2027,1,1117,395,14712,86.75,1
2028,1,1116,395,14671,86.51,1
2029,1,1115,395,14326,84.47,1
2030,1,1116,396,14659,86.44,1
2031,1,1117,396,14759,87.02,1
2032,1,1116,396,14567,85.89,1
2033,1,1116,396,14544,85.76,1
2034,1,1117,396,14767,87.07,1
2035,1,1117,396,14744,86.94,1
2036,1,1116,395,14612,86.16,1
2037,1,1116,395,14487,85.42,1
2038,1,1116,396,14653,86.4,1
2039,1,1117,396,14849,87.56,1
2040,1,1117,396,14796,87.24,1
2041,1,1116,396,14466,85.3,1
2042,1,1117,396,14770,87.09,1
2043,1,1117,396,14832,87.46,1
2044,1,1117,396,14873,87.7,1
2045,1,1116,395,14504,85.52,1
2046,1,1116,395,14663,86.46,1
2047,1,1116,396,14750,86.97,1
2048,1,1116,395,14456,85.24,1
2049,1,1117,396,14668,86.49,1
2050,1,1117,396,14761,87.04,1
2051,1,1116,395,14625,86.23,1
2052,1,1116,395,14668,86.49,1
2053,1,1116,396,14590,86.03,1
2054,1,1117,396,14836,87.48,1
2055,1,1117,396,14764,87.05,1
2056,1,1116,396,14666,86.48,1
2057,1,1116,395,14471,85.33,1
2058,1,1117,396,14791,87.21,1
2059,1,1117,396,14794,87.23,1
2060,1,1117,395,14815,87.36,1
2061,1,1116,396,14478,85.37,1
2062,1,1117,396,14791,87.21,1
2063,1,1116,395,14695,86.65,1
2064,1,1115,395,14404,84.93,1
2065,1,1116,396,14593,86.05,1
2066,1,1117,396,14712,86.75,1
2067,1,1117,396,14735,86.88,1
2068,1,1116,395,14607,86.13,1
2069,1,1116,395,14530,85.67,1
2070,1,1117,396,14790,87.21,1
2071,1,1117,396,14754,87.0,1
2072,1,1116,395,14481,85.39,1
2073,1,1116,395,14491,85.44,1
2074,1,1116,395,14581,85.98,1
2075,1,1116,396,14682,86.57,1
2076,1,1117,396,14768,87.08,1
2077,1,1116,396,14602,86.1,1
2078,1,1117,395,14675,86.53,1
2079,1,1117,395,14729,86.85,1
2080,1,1116,395,14622,86.22,1
2081,1,1116,395,14588,86.02,1
2082,1,1116,396,14690,86.62,1
2083,1,1116,396,14700,86.68,1
2084,1,1116,396,14670,86.5,1
2085,1,1116,395,14544,85.76,1
2086,1,1116,396,14560,85.85,1
2087,1,1116,395,14601,86.09,1
2088,1,1116,396,14649,86.38,1
2089,1,1116,395,14486,85.42,1
2090,1,1116,396,14667,86.48,1
2091,1,1116,395,14583,85.99,1
2092,1,1117,395,14637,86.31,1
2093,1,1115,395,14349,84.61,1
2094,1,1117,396,14804,87.29,1
2095,1,1117,396,14768,87.08,1
2096,1,1115,395,14240,83.96,1
2097,1,1116,396,14658,86.43,1
2098,1,1115,396,14406,84.94,1
2099,1,1116,395,14510,85.56,1
2100,1,1116,395,14589,86.02,1
2101,1,1116,395,14455,85.23,1
2102,1,1117,396,14753,86.99,1
2103,1,1116,395,14594,86.05,1
2104,1,1116,395,14436,85.12,1
2105,1,1117,396,14823,87.4,1
2106,1,1117,396,14747,86.95,1
2107,1,1116,395,14516,85.59,1
2108,1,1116,396,14616,86.18,1
2109,1,1117,396,14719,86.79,1
2110,1,1117,396,14690,86.62,1
2111,1,1116,395,14607,86.13,1
2112,1,1116,395,14516,85.59,1
2113,1,1117,396,14870,87.68,1
2114,1,1116,396,14579,85.96,1
2115,1,1116,395,14582,85.98,1
2116,1,1117,396,14670,86.5,1
2117,1,1117,396,14827,87.43,1
2118,1,1116,395,14563,85.87,1
2119,1,1116,396,14556,85.83,1
2120,1,1116,395,14458,85.25,1
2121,1,1117,396,14677,86.54,1
2122,1,1117,396,14784,87.17,1
2123,1,1117,396,14672,86.51,1
2124,1,1117,396,14778,87.14,1
2125,1,1117,396,14844,87.53,1
2126,1,1117,396,14814,87.35,1
2127,1,1116,396,14616,86.18,1
2128,1,1116,395,14555,85.82,1
2129,1,1117,396,14881,87.74,1
2130,1,1116,396,14681,86.57,1
2131,1,1117,395,14668,86.49,1
2132,1,1117,396,14719,86.79,1
2133,1,1117,396,14826,87.42,1
2134,1,1117,396,14832,87.46,1
2135,1,1117,396,14714,86.76,1
2136,1,1116,395,14470,85.32,1
2137,1,1117,396,14776,87.13,1
2138,1,1117,396,14767,87.07,1
2139,1,1117,396,14760,87.03,1
2140,1,1118,396,14981,88.33,1
2141,1,1117,396,14739,86.91,1
2142,1,1117,396,14673,86.52,1
2143,1,1116,395,14554,85.82,1
2144,1,1117,396,14655,86.41,1
2145,1,1117,396,14666,86.48,1
2146,1,1116,395,14513,85.57,1
2147,1,1116,396,14693,86.64,1
2148,1,1117,396,14887,87.78,1
2149,1,1116,395,14518,85.6,1
2150,1,1116,396,14483,85.4,1
2151,1,1116,396,14631,86.27,1
2152,1,1117,396,14878,87.73,1
2153,1,1116,396,14623,86.22,1
2154,1,1116,396,14575,85.94,1
2155,1,1117,396,14855,87.59,1
2156,1,1117,396,14838,87.49,1
2157,1,1117,396,14644,86.35,1
2158,1,1117,396,14752,86.98,1
2159,1,1116,395,14554,85.82,1
2160,1,1117,396,14735,86.88,1
2161,1,1117,396,14634,86.29,1
2162,1,1117,395,14741,86.92,1
2163,1,1116,396,14724,86.82,1
2164,1,1117,396,14720,86.8,1
2165,1,1117,396,14725,86.82,1
2166,1,1117,396,14700,86.68,1
2167,1,1116,395,14546,85.77,1
2168,1,1117,396,14611,86.15,1
2169,1,1117,396,14636,86.3,1
2170,1,1116,396,14493,85.46,1
2171,1,1117,395,14614,86.17,1
2172,1,1116,396,14621,86.21,1
2173,1,1116,396,14612,86.16,1
2174,1,1117,396,14728,86.84,1
2175,1,1116,396,14524,85.64,1
2176,1,1116,396,14645,86.35,1
2177,1,1116,396,14590,86.03,1
2178,1,1116,396,14499,85.49,1
2179,1,1116,396,14472,85.33,1
2180,1,1117,396,14776,87.13,1
2181,1,1117,395,14684,86.58,1
2182,1,1116,395,14535,85.7,1
2183,1,1117,396,14668,86.49,1
2184,1,1118,396,15001,88.45,1
2185,1,1117,396,14857,87.6,1
2186,1,1117,396,14714,86.76,1
2187,1,1115,395,14315,84.41,1
2188,1,1116,396,14606,86.12,1
2189,1,1116,396,14593,86.05,1
2190,1,1117,396,14686,86.59,1
2191,1,1116,396,14588,86.02,1
2192,1,1117,395,14707,86.72,1
2193,1,1117,396,14817,87.37,1
2194,1,1115,394,14431,85.09,1
2195,1,1115,395,14460,85.26,1
2196,1,1117,395,14996,88.42,1
2197,1,1117,395,15040,88.68,1
2198,1,1116,395,14850,87.56,1
2199,1,1116,395,14743,86.93,1
2200,1,1117,395,14859,87.61,1
2201,1,1117,395,14864,87.64,1
2202,1,1116,395,14690,86.62,1
2203,1,1116,396,14646,86.36,1
2204,1,1117,396,14725,86.82,1
2205,1,1116,396,14221,83.85,1
2206,1,1117,397,14491,85.44,1
2207,1,1117,396,14323,84.45,1
2208,1,1118,397,14503,85.52,1
2209,1,1118,397,14632,86.28,1
2210,1,1117,396,14336,84.53,1
2211,1,1117,397,14279,84.19,1
2212,1,1117,397,14467,85.3,1
2213,1,1117,397,14360,84.67,1
2214,1,1117,397,14487,85.42,1
2215,1,1116,397,14197,83.71,1
2216,1,1118,396,14480,85.38,1
2217,1,1117,396,14431,85.09,1
2218,1,1117,396,14300,84.32,1
2219,1,1117,396,14537,85.72,1
2220,1,1118,396,14802,87.28,1
2221,1,1117,396,14548,85.78,1
2222,1,1117,396,14563,85.87,1
2223,1,1117,396,14514,85.58,1
2224,1,1117,396,14457,85.24,1
2225,1,1116,395,14441,85.15,1
2226,1,1117,396,14513,85.57,1
2227,1,1116,396,14436,85.12,1
2228,1,1117,396,14696,86.65,1
2229,1,1117,396,14704,86.7,1
2230,1,1116,396,14475,85.35,1
2231,1,1116,396,14445,85.17,1
2232,1,1116,396,14583,85.99,1
2233,1,1116,396,14523,85.63,1
2234,1,1116,396,14516,85.59,1
2235,1,1116,396,14601,86.09,1
2236,1,1116,397,14735,86.88,1
2237,1,1116,396,14644,86.35,1
2238,1,1115,396,14352,84.63,1
2239,1,1115,396,14338,84.54,1
2240,1,1116,396,14638,86.31,1
2241,1,1116,396,14709,86.73,1
2242,1,1115,396,14495,85.47,1
2243,1,1115,396,14483,85.4,1
2244,1,1116,396,14704,86.7,1
2245,1,1115,396,14480,85.38,1
2246,1,1115,396,14437,85.13,1
2247,1,1115,397,14440,85.14,1
2248,1,1117,397,14782,87.16,1
2249,1,1115,396,14540,85.73,1
2250,1,1116,396,14651,86.39,1
2251,1,1116,396,14620,86.21,1
2252,1,1116,396,14555,85.82,1
2253,1,1115,396,14491,85.44,1
2254,1,1115,396,14426,85.06,1
2255,1,1115,396,14370,84.73,1
2256,1,1115,396,14516,85.59,1
2257,1,1116,396,14614,86.17,1
2258,1,1115,396,14431,85.09,1
2259,1,1115,396,14457,85.24,1
2260,1,1116,396,14670,86.5,1
2261,1,1116,396,14583,85.99,1
2262,1,1116,396,14551,85.8,1
2263,1,1115,396,14408,84.96,1
2264,1,1116,396,14529,85.67,1
2265,1,1116,396,14600,86.09,1
2266,1,1116,396,14385,84.82,1
2267,1,1116,396,14377,84.77,1
2268,1,1117,397,14698,86.67,1
2269,1,1116,396,14530,85.67,1
2270,1,1116,396,14356,84.65,1
2271,1,1116,396,14432,85.1,1
2272,1,1115,396,14289,84.25,1
2273,1,1116,396,14477,85.36,1
2274,1,1116,396,14442,85.16,1
2275,1,1116,396,14481,85.39,1
2276,1,1117,397,14823,87.4,1
2277,1,1116,396,14460,85.26,1
2278,1,1116,396,14458,85.25,1
2279,1,1116,396,14282,84.21,1
2280,1,1117,397,14616,86.18,1
2281,1,1116,396,14293,84.28,1
2282,1,1115,396,14247,84.01,1
2283,1,1116,396,14269,84.14,1
2284,1,1118,396,14740,86.91,1
2285,1,1116,396,14367,84.71,1
2286,1,1116,396,14307,84.36,1
2287,1,1117,396,14545,85.76,1
2288,1,1116,396,14352,84.63,1
2289,1,1116,397,14542,85.75,1
2290,1,1115,396,14254,84.05,1
2291,1,1117,397,14601,86.09,1
2292,1,1117,396,14725,86.82,1
2293,1,1117,397,14604,86.11,1
2294,1,1116,396,14488,85.43,1
2295,1,1115,396,14329,84.49,1
2296,1,1117,396,14659,86.44,1
2297,1,1115,396,14362,84.68,1
2298,1,1116,396,14476,85.36,1
2299,1,1116,397,14507,85.54,1
2300,1,1117,397,14799,87.26,1
2301,1,1116,397,14561,85.86,1
2302,1,1117,396,14625,86.23,1
2303,1,1117,397,14656,86.42,1
2304,1,1117,397,14677,86.54,1
2305,1,1116,396,14497,85.48,1
2306,1,1116,396,14599,86.08,1
2307,1,1116,396,14562,85.86,1
2308,1,1117,396,14660,86.44,1
2309,1,1116,396,14523,85.63,1
2310,1,1116,396,14525,85.65,1
2311,1,1117,396,14628,86.25,1
2312,1,1116,396,14484,85.4,1
2313,1,1116,396,14500,85.5,1
2314,1,1116,396,14512,85.57,1
2315,1,1117,397,14803,87.28,1
2316,1,1117,396,14682,86.57,1
2317,1,1115,396,14339,84.55,1
2318,1,1116,396,14300,84.32,1
2319,1,1116,396,14509,85.55,1
2320,1,1117,396,14591,86.03,1
2321,1,1116,396,14518,85.6,1
2322,1,1116,396,14356,84.65,1
2323,1,1117,396,14636,86.3,1
2324,1,1117,396,14665,86.47,1
2325,1,1116,396,14426,85.06,1
2326,1,1116,396,14419,85.02,1
2327,1,1116,396,14515,85.59,1
2328,1,1116,396,14489,85.43,1
2329,1,1115,396,14228,83.89,1
2330,1,1116,396,14290,84.26,1
2331,1,1117,396,14684,86.58,1
2332,1,1116,396,14529,85.67,1
2333,1,1115,396,14172,83.56,1
2334,1,1116,396,14289,84.25,1
2335,1,1117,396,14589,86.02,1
2336,1,1117,396,14527,85.66,1
2337,1,1117,396,14493,85.46,1
2338,1,1116,396,14329,84.49,1
2339,1,1116,397,14484,85.4,1
2340,1,1116,396,14456,85.24,1
2341,1,1116,396,14324,84.46,1
2342,1,1116,396,14474,85.34,1
2343,1,1117,396,14631,86.27,1
2344,1,1117,396,14553,85.81,1
2345,1,1116,396,14267,84.12,1
2346,1,1116,396,14328,84.48,1
2347,1,1117,396,14539,85.73,1
2348,1,1116,396,14484,85.4,1
2349,1,1115,396,14198,83.72,1
2350,1,1115,396,14181,83.62,1
2351,1,1118,397,14864,87.64,1
2352,1,1117,396,14561,85.86,1
2353,1,1116,396,14260,84.08,1
2354,1,1116,396,14491,85.44,1
2355,1,1118,397,14852,87.57,1
2356,1,1117,396,14723,86.81,1
2357,1,1116,396,14389,84.84,1
2358,1,1117,396,14636,86.3,1
2359,1,1116,396,14495,85.47,1
2360,1,1117,396,14513,85.57,1
2361,1,1116,396,14406,84.94,1
2362,1,1116,397,14542,85.75,1
2363,1,1117,396,14635,86.29,1
2364,1,1117,396,14555,85.82,1
2365,1,1116,396,14358,84.66,1
2366,1,1118,397,14819,87.38,1
2367,1,1117,396,14592,86.04,1
2368,1,1116,396,14439,85.14,1
2369,1,1117,396,14605,86.12,1
2370,1,1116,396,14431,85.09,1
2371,1,1116,396,14300,84.32,1
2372,1,1116,396,14516,85.59,1
2373,1,1116,396,14403,84.93,1
2374,1,1117,397,14637,86.31,1
2375,1,1116,396,14307,84.36,1
2376,1,1115,396,14165,83.52,1
2377,1,1116,397,14523,85.63,1
2378,1,1117,396,14599,86.08,1
2379,1,1116,396,14271,84.15,1
2380,1,1117,396,14602,86.1,1
2381,1,1116,396,14470,85.32,1
2382,1,1117,396,14627,86.25,1
2383,1,1116,396,14296,84.29,1
2384,1,1117,396,14485,85.41,1
2385,1,1116,396,14417,85.01,1
2386,1,1116,396,14389,84.84,1
2387,1,1116,396,14466,85.3,1
2388,1,1117,396,14585,86.0,1
2389,1,1116,396,14472,85.33,1
2390,1,1116,396,14428,85.07,1
2391,1,1116,396,14500,85.5,1
2392,1,1116,396,14465,85.29,1
2393,1,1116,396,14479,85.37,1
2394,1,1116,396,14315,84.41,1
2395,1,1117,396,14579,85.96,1
2396,1,1117,396,14641,86.33,1
2397,1,1116,396,14393,84.87,1
2398,1,1116,396,14402,84.92,1
2399,1,1116,397,14544,85.76,1
2400,1,1117,396,14643,86.34,1
2401,1,1116,396,14412,84.98,1
2402,1,1116,396,14371,84.74,1
2403,1,1116,396,14491,85.44,1
2404,1,1117,396,14688,86.61,1
2405,1,1116,396,14290,84.26,1
2406,1,1117,397,14644,86.35,1
2407,1,1116,396,14336,84.53,1
2408,1,1116,396,14420,85.03,1
2409,1,1116,396,14465,85.29,1
2410,1,1118,396,14799,87.26,1
2411,1,1116,396,14493,85.46,1
2412,1,1116,396,14287,84.24,1
2413,1,1117,396,14448,85.19,1
2414,1,1117,396,14607,86.13,1
2415,1,1117,396,14569,85.9,1
2416,1,1116,396,14429,85.08,1
2417,1,1116,396,14473,85.34,1
2418,1,1116,396,14446,85.18,1
2419,1,1117,396,14753,86.99,1
2420,1,1117,397,14643,86.34,1
2421,1,1117,396,14481,85.39,1
2422,1,1116,396,14400,84.91,1
2423,1,1117,396,14481,85.39,1
2424,1,1116,396,14268,84.13,1
2425,1,1116,396,14292,84.27,1
2426,1,1116,396,14473,85.34,1
2427,1,1116,396,14371,84.74,1
2428,1,1117,396,14459,85.26,1
2429,1,1117,396,14639,86.32,1
2430,1,1117,396,14527,85.66,1
2431,1,1116,396,14354,84.64,1
2432,1,1116,396,14271,84.15,1
2433,1,1116,396,14437,85.13,1
2434,1,1116,396,14485,85.41,1
2435,1,1116,396,14404,84.93,1
2436,1,1117,396,14622,86.22,1
2437,1,1117,396,14589,86.02,1
2438,1,1117,396,14644,86.35,1
2439,1,1116,396,14385,84.82,1
2440,1,1117,396,14435,85.11,1
2441,1,1116,396,14416,85.0,1
2442,1,1116,396,14424,85.05,1
2443,1,1116,396,14351,84.62,1
2444,1,1116,396,14394,84.87,1
2445,1,1117,396,14630,86.26,1
2446,1,1116,396,14452,85.21,1
2447,1,1116,396,14327,84.48,1
2448,1,1116,396,14258,84.07,1
2449,1,1116,396,14327,84.48,1
2450,1,1116,396,14314,84.4,1
2451,1,1117,396,14563,85.87,1
2452,1,1117,396,14598,86.08,1
2453,1,1116,396,14419,85.02,1
2454,1,1117,397,14603,86.11,1
2455,1,1116,396,14458,85.25,1
2456,1,1116,396,14304,84.34,1
2457,1,1116,396,14435,85.11,1
2458,1,1117,396,14552,85.8,1
2459,1,1116,396,14412,84.98,1
2460,1,1116,396,14491,85.44,1
2461,1,1116,396,14441,85.15,1
2462,1,1116,396,14471,85.33,1
2463,1,1116,396,14372,84.74,1
2464,1,1116,396,14261,84.09,1
2465,1,1117,396,14585,86.0,1
2466,1,1116,396,14371,84.74,1
2467,1,1117,396,14547,85.77,1
2468,1,1117,396,14515,85.59,1
2469,1,1116,396,14480,85.38,1
2470,1,1117,396,14532,85.69,1
2471,1,1116,396,14419,85.02,1
2472,1,1116,396,14462,85.27,1
2473,1,1116,396,14440,85.14,1
2474,1,1117,396,14638,86.31,1
2475,1,1117,396,14612,86.16,1
2476,1,1117,396,14598,86.08,1
2477,1,1116,396,14331,84.5,1
2478,1,1116,396,14376,84.77,1
2479,1,1117,396,14542,85.75,1
2480,1,1117,396,14519,85.61,1
2481,1,1117,396,14520,85.62,1
2482,1,1116,397,14477,85.36,1
2483,1,1116,396,14280,84.2,1
2484,1,1117,397,14754,87.0,1
2485,1,1116,396,14315,84.41,1
2486,1,1116,396,14353,84.63,1
2487,1,1116,396,14364,84.7,1
2488,1,1117,396,14596,86.06,1
2489,1,1116,396,14377,84.77,1
2490,1,1117,396,14527,85.66,1
2491,1,1116,396,14284,84.22,1
2492,1,1117,397,14542,85.75,1
2493,1,1117,396,14517,85.6,1
2494,1,1116,396,14362,84.68,1
2495,1,1116,396,14296,84.29,1
2496,1,1117,396,14606,86.12,1
2497,1,1116,396,14447,85.19,1
2498,1,1115,396,14076,83.0,1
2499,1,1116,396,14425,85.06,1
2500,1,1117,396,14586,86.0,1
2501,1,1117,396,14528,85.66,1
2502,1,1116,396,14432,85.1,1
2503,1,1115,396,14208,83.78,1
2504,1,1117,396,14563,85.87,1
2505,1,1117,396,14573,85.93,1
2506,1,1117,396,14542,85.75,1
2507,1,1116,396,14450,85.2,1
2508,1,1117,396,14705,86.71,1
2509,1,1117,396,14658,86.43,1
2510,1,1116,396,14327,84.48,1
2511,1,1116,396,14358,84.66,1
2512,1,1116,396,14474,85.34,1
2513,1,1117,396,14537,85.72,1
2514,1,1115,396,14184,83.63,1
2515,1,1117,396,14529,85.67,1
2516,1,1117,397,14682,86.57,1
2517,1,1116,396,14215,83.82,1
2518,1,1116,396,14415,85.0,1
2519,1,1116,397,14464,85.29,1
2520,1,1117,397,14608,86.13,1
2521,1,1117,396,14472,85.33,1
2522,1,1116,396,14299,84.31,1
2523,1,1117,396,14486,85.42,1
2524,1,1117,396,14628,86.25,1
2525,1,1116,396,14409,84.96,1
2526,1,1116,396,14389,84.84,1
2527,1,1117,397,14708,86.72,1
2528,1,1116,396,14434,85.11,1
2529,1,1116,396,14424,85.05,1
2530,1,1116,396,14418,85.01,1
2531,1,1117,396,14586,86.0,1
2532,1,1117,397,14695,86.65,1
2533,1,1116,397,14530,85.67,1
2534,1,1116,396,14343,84.57,1
2535,1,1116,396,14424,85.05,1
2536,1,1117,396,14576,85.95,1
2537,1,1116,396,14335,84.52,1
2538,1,1116,396,14287,84.24,1
2539,1,1117,397,14597,86.07,1
2540,1,1116,396,14452,85.21,1
2541,1,1116,396,14356,84.65,1
2542,1,1116,396,14290,84.26,1
2543,1,1117,396,14486,85.42,1
2544,1,1116,396,14393,84.87,1
2545,1,1116,396,14340,84.55,1
2546,1,1116,396,14323,84.45,1
2547,1,1117,396,14623,86.22,1
2548,1,1117,396,14642,86.34,1
2549,1,1115,396,14219,83.84,1
2550,1,1116,396,14469,85.32,1
2551,1,1116,396,14347,84.6,1
2552,1,1116,396,14382,84.8,1
2553,1,1116,396,14344,84.58,1
2554,1,1116,396,14431,85.09,1
2555,1,1116,396,14438,85.13,1
2556,1,1117,396,14595,86.06,1
2557,1,1116,396,14417,85.01,1
2558,1,1116,396,14373,84.75,1
2559,1,1117,396,14596,86.06,1
2560,1,1116,396,14387,84.83,1
2561,1,1116,396,14323,84.45,1
2562,1,1116,396,14303,84.34,1
2563,1,1117,397,14645,86.35,1
2564,1,1117,396,14622,86.22,1
2565,1,1116,396,14389,84.84,1
2566,1,1116,396,14422,85.04,1
2567,1,1117,397,14556,85.83,1
2568,1,1117,396,14531,85.68,1
2569,1,1117,397,14490,85.44,1
2570,1,1116,396,14377,84.77,1
2571,1,1116,397,14468,85.31,1
2572,1,1117,396,14540,85.73,1
2573,1,1116,396,14436,85.12,1
2574,1,1116,396,14242,83.98,1
2575,1,1117,397,14601,86.09,1
2576,1,1115,396,14172,83.56,1
2577,1,1117,397,14689,86.61,1
2578,1,1117,396,14648,86.37,1
2579,1,1117,396,14540,85.73,1
2580,1,1117,396,14443,85.16,1
2581,1,1116,396,14297,84.3,1
2582,1,1117,396,14550,85.79,1
2583,1,1116,396,14370,84.73,1
2584,1,1116,396,14449,85.2,1
2585,1,1115,396,14070,82.96,1
2586,1,1117,396,14608,86.13,1
2587,1,1116,396,14425,85.06,1
2588,1,1116,396,14436,85.12,1
2589,1,1116,396,14457,85.24,1
2590,1,1116,396,14443,85.16,1
2591,1,1117,396,14547,85.77,1
2592,1,1117,396,14549,85.79,1
2593,1,1116,396,14369,84.73,1
2594,1,1116,396,14434,85.11,1
2595,1,1117,396,14526,85.65,1
